fecha;cdoperador;cdpunto_atencion;dia_semana;recaudo_cat_I;recaudo_cat_II;recaudo_cat_III;recaudo_cat_IV;recaudo_cat_V;recaudo_cat_VI;recaudo_cat_VII;recaudo_cat_VIII;recaudo_total_diario;movimientos_diarios_operador
1/01/2025;1;1;Miercoles;4128000.00;688000.00;857500.00;20342700.00;76620800.00;482400.00;723600.00;1088500.00;104931500.00;5262
1/01/2025;1;3;Miercoles;0.00;0.00;77000.00;2576800.00;49783400.00;0.00;0.00;77000.00;52514200.00;4092
2/01/2025;1;3;Jueves;0.00;0.00;1447600.00;4533400.00;57200900.00;0.00;68000.00;323400.00;63573300.00;4941
2/01/2025;1;1;Jueves;28982000.00;6372900.00;20695700.00;37432200.00;78292300.00;3781100.00;10009800.00;12823700.00;198389700.00;7754
3/01/2025;1;1;Viernes;28458100.00;9263800.00;24738800.00;37800400.00;74117900.00;6107600.00;13446900.00;14941800.00;208875300.00;7974
3/01/2025;1;3;Viernes;0.00;0.00;1863400.00;4543600.00;60110300.00;374000.00;578000.00;277200.00;67746500.00;5225
4/01/2025;1;1;Sabado;14654600.00;5401200.00;14361500.00;42739200.00;88497000.00;4488400.00;8864100.00;7641500.00;186647500.00;7915
4/01/2025;1;3;Sabado;0.00;0.00;1339800.00;4328000.00;66909300.00;0.00;102000.00;292600.00;72971700.00;5671
5/01/2025;1;1;Domingo;12186300.00;4652900.00;5481100.00;38812000.00;85048600.00;3393600.00;4126100.00;4110800.00;157811400.00;6924
5/01/2025;1;3;Domingo;0.00;0.00;246400.00;3406500.00;64961700.00;0.00;68000.00;30800.00;68713400.00;5340
6/01/2025;1;3;Lunes;0.00;0.00;539000.00;3459000.00;45572500.00;0.00;0.00;215600.00;49786100.00;3877
6/01/2025;1;1;Lunes;7310000.00;1298900.00;6117700.00;35258100.00;71387600.00;1481800.00;1748700.00;2899700.00;127502500.00;5846
7/01/2025;1;3;Martes;0.00;0.00;2094400.00;4948100.00;67184300.00;204000.00;1700000.00;628900.00;76759700.00;5858
7/01/2025;1;1;Martes;39706300.00;11060400.00;30773300.00;38026700.00;65573700.00;7749300.00;20592700.00;19121800.00;232604200.00;8143
8/01/2025;1;3;Miercoles;0.00;0.00;2356200.00;5067400.00;68778700.00;204000.00;714000.00;1647800.00;78768100.00;6046
8/01/2025;1;1;Miercoles;37462400.00;9675500.00;30871400.00;38030100.00;67548800.00;8960500.00;19760600.00;19219700.00;231529000.00;8231
9/01/2025;1;1;Jueves;41985800.00;11327300.00;33498700.00;37366000.00;65054700.00;9312400.00;20794600.00;20481700.00;239821200.00;8271
9/01/2025;1;3;Jueves;0.00;0.00;2667400.00;5390600.00;76327800.00;170000.00;1700000.00;1709400.00;87965200.00;6706
10/01/2025;1;1;Viernes;39250600.00;10566900.00;33554800.00;38442800.00;70851000.00;8865100.00;20743200.00;17675500.00;239949900.00;8548
10/01/2025;1;3;Viernes;91200.00;0.00;2667400.00;5406000.00;81308900.00;34000.00;340000.00;1570800.00;91418300.00;7083
11/01/2025;1;3;Sabado;0.00;0.00;1574000.00;4598900.00;88843800.00;34000.00;238000.00;477400.00;95766100.00;7434
11/01/2025;1;1;Sabado;34090600.00;9435300.00;21942400.00;34142800.00;83086100.00;7434200.00;13567500.00;11790100.00;215489000.00;8168
12/01/2025;1;1;Domingo;17372000.00;4790300.00;6259300.00;32703800.00;83109100.00;2592900.00;3919500.00;3673400.00;154420300.00;6660
12/01/2025;1;3;Domingo;0.00;0.00;277200.00;3225600.00;70830200.00;0.00;0.00;92400.00;74425400.00;5791
13/01/2025;1;3;Lunes;0.00;0.00;2340800.00;5415100.00;77447800.00;68000.00;1802000.00;1817200.00;88890900.00;6824
13/01/2025;1;1;Lunes;41030900.00;9912500.00;31855600.00;39007000.00;61246100.00;9333900.00;21311600.00;20577900.00;234275500.00;8060
14/01/2025;1;1;Martes;44755600.00;9698000.00;34465900.00;38453700.00;62098700.00;8976800.00;26200600.00;18540200.00;243189500.00;8262
14/01/2025;1;3;Martes;102200.00;0.00;2356200.00;5662400.00;79066900.00;34000.00;1496000.00;2156000.00;90873700.00;6969
15/01/2025;1;1;Miercoles;44763500.00;12269100.00;33587300.00;39576500.00;64206800.00;9001500.00;23004700.00;19308000.00;245717400.00;8346
15/01/2025;1;3;Miercoles;0.00;0.00;2941400.00;5929200.00;80149400.00;102000.00;2278000.00;2199700.00;93599700.00;7140
16/01/2025;1;1;Jueves;42037200.00;13318900.00;35319500.00;38417200.00;65892900.00;9704100.00;27548200.00;18607200.00;250845200.00;8567
16/01/2025;1;3;Jueves;0.00;0.00;2787400.00;5676700.00;84221000.00;15400.00;1462000.00;2587200.00;96749700.00;7420
17/01/2025;1;3;Viernes;102200.00;0.00;2836800.00;5706200.00;91777800.00;68000.00;2063200.00;2186800.00;104741000.00;8024
17/01/2025;1;1;Viernes;49888900.00;13012700.00;34424800.00;40401400.00;71988400.00;7865200.00;28418100.00;19685000.00;265684500.00;9017
18/01/2025;1;3;Sabado;0.00;0.00;1709400.00;5263100.00;96475200.00;0.00;544000.00;877800.00;104869500.00;8128
18/01/2025;1;1;Sabado;36008300.00;11034700.00;23114300.00;35521100.00;83227400.00;6055700.00;17874500.00;12538300.00;225374300.00;8379
19/01/2025;1;1;Domingo;13476300.00;4248600.00;5778100.00;35150200.00;86351000.00;2351700.00;4221000.00;3179600.00;154756500.00;6861
19/01/2025;1;3;Domingo;0.00;0.00;308000.00;3615200.00;78514700.00;0.00;0.00;46200.00;82484100.00;6429
20/01/2025;1;3;Lunes;0.00;0.00;2648800.00;5824200.00;81979300.00;0.00;1632000.00;1848000.00;93932300.00;7207
20/01/2025;1;1;Lunes;42080700.00;11052500.00;31575800.00;39026600.00;60974700.00;8071800.00;25713500.00;19212600.00;237708200.00;8075
21/01/2025;1;3;Martes;0.00;45600.00;3006200.00;5553700.00;83140700.00;0.00;1122000.00;1894200.00;94762400.00;7282
21/01/2025;1;1;Martes;44126900.00;11568500.00;35348100.00;39296800.00;59542800.00;8012000.00;25403100.00;22378400.00;245676600.00;8260
22/01/2025;1;1;Miercoles;45193500.00;10523900.00;34106700.00;38875900.00;61702900.00;8925400.00;24964200.00;20757100.00;245049600.00;8281
22/01/2025;1;3;Miercoles;0.00;-45600.00;2528800.00;5503600.00;88729500.00;0.00;884000.00;1706900.00;99307200.00;7667
23/01/2025;1;1;Jueves;49003200.00;10174700.00;36526600.00;40550000.00;64350700.00;8136800.00;28754200.00;20402300.00;257898500.00;8644
23/01/2025;1;3;Jueves;0.00;0.00;2618700.00;5503800.00;88673200.00;34000.00;1054000.00;1786400.00;99670100.00;7692
24/01/2025;1;1;Viernes;47275300.00;11908300.00;34149800.00;40798600.00;70914600.00;8252700.00;26497400.00;19841800.00;259638500.00;8919
24/01/2025;1;3;Viernes;102200.00;0.00;2975400.00;5374300.00;93606600.00;-34000.00;680000.00;1509200.00;104213700.00;8057
25/01/2025;1;1;Sabado;36765500.00;7285300.00;23395800.00;34527300.00;82191700.00;6624100.00;18451800.00;14407200.00;223648700.00;8339
25/01/2025;1;3;Sabado;0.00;0.00;1620200.00;5052900.00;96816700.00;0.00;510000.00;970200.00;104970000.00;8144
26/01/2025;1;3;Domingo;0.00;0.00;215600.00;3426900.00;77190300.00;0.00;0.00;15400.00;80848200.00;6291
26/01/2025;1;1;Domingo;13072000.00;3620900.00;6031000.00;32546400.00;85602800.00;2816300.00;3889600.00;4315200.00;151894200.00;6768
27/01/2025;1;3;Lunes;0.00;0.00;2664200.00;5580600.00;80522100.00;102000.00;986000.00;1724800.00;91579700.00;7050
27/01/2025;1;1;Lunes;49114900.00;9573200.00;33653000.00;38588800.00;61312600.00;7851600.00;24481800.00;19753900.00;244329800.00;8191
28/01/2025;1;1;Martes;44935500.00;9994800.00;35831200.00;38003800.00;60025400.00;10160800.00;24843600.00;21114500.00;244909600.00;8247
28/01/2025;1;3;Martes;102200.00;0.00;3033800.00;5866700.00;84341000.00;102000.00;646000.00;1386000.00;95477700.00;7353
29/01/2025;1;3;Miercoles;0.00;0.00;2963200.00;6048700.00;87481800.00;102000.00;918000.00;1647800.00;99161500.00;7651
29/01/2025;1;1;Miercoles;50706400.00;9926100.00;37168300.00;37820700.00;62331800.00;7326700.00;20854900.00;20646600.00;246781500.00;8365
30/01/2025;1;3;Jueves;0.00;0.00;2990800.00;5930900.00;88829700.00;0.00;476000.00;1216600.00;99444000.00;7672
30/01/2025;1;1;Jueves;50637200.00;12269100.00;35887000.00;37947000.00;64122700.00;9630200.00;21587400.00;19639500.00;251720100.00;8439
31/01/2025;1;3;Viernes;0.00;0.00;3040200.00;6011800.00;97933700.00;0.00;612000.00;1447600.00;109045300.00;8432
31/01/2025;1;1;Viernes;50095500.00;11894700.00;34364100.00;38646200.00;72199200.00;7253300.00;17633300.00;20009600.00;252095900.00;8754
1/02/2025;1;1;Sabado;36154600.00;8378500.00;22416400.00;38149300.00;83803100.00;6151600.00;18603100.00;12646800.00;226303400.00;8459
1/02/2025;1;3;Sabado;0.00;0.00;2094400.00;4756600.00;99569700.00;0.00;170000.00;492800.00;107083500.00;8327
2/02/2025;1;3;Domingo;0.00;0.00;292600.00;3828400.00;81653500.00;0.00;0.00;92400.00;85866900.00;6692
2/02/2025;1;1;Domingo;12221200.00;3110000.00;6090700.00;35298300.00;91057300.00;2386400.00;3865600.00;3067700.00;157097200.00;7139
3/02/2025;1;3;Lunes;102200.00;0.00;3284000.00;5891000.00;78586500.00;0.00;238000.00;1155000.00;89256700.00;6908
3/02/2025;1;1;Lunes;37505200.00;7442600.00;28015000.00;33429400.00;54844000.00;5845600.00;23158800.00;18282200.00;208522800.00;7149
4/02/2025;1;3;Martes;0.00;0.00;2994000.00;5652400.00;84341800.00;68000.00;782000.00;1370600.00;95208800.00;7347
4/02/2025;1;1;Martes;53045600.00;13078600.00;38969800.00;42316700.00;66717000.00;8572400.00;28736800.00;24306000.00;275742900.00;9175
5/02/2025;1;1;Miercoles;48445600.00;10680000.00;35503400.00;39094800.00;61530800.00;7904000.00;24130000.00;23253400.00;250542000.00;8466
5/02/2025;1;3;Miercoles;0.00;0.00;3132600.00;5424200.00;83759400.00;34000.00;680000.00;1463000.00;94493200.00;7281
6/02/2025;1;3;Jueves;0.00;0.00;2972200.00;5528100.00;87170700.00;0.00;748000.00;1447600.00;97866600.00;7540
6/02/2025;1;1;Jueves;47567200.00;11484400.00;36310000.00;38592200.00;63322100.00;7183200.00;25368000.00;21020500.00;250847600.00;8474
7/02/2025;1;3;Viernes;0.00;0.00;2852200.00;5720300.00;98085400.00;102000.00;1360000.00;1878800.00;109998700.00;8462
7/02/2025;1;1;Viernes;48978000.00;13046000.00;35867100.00;38761100.00;71464700.00;8126400.00;27240400.00;21773200.00;265256900.00;9034
8/02/2025;1;3;Sabado;0.00;0.00;1734400.00;5136200.00;99219400.00;0.00;374000.00;677600.00;107141600.00;8304
8/02/2025;1;1;Sabado;35708400.00;8272000.00;23281500.00;32483700.00;81439600.00;6707600.00;17576400.00;13663900.00;219133100.00;8244
9/02/2025;1;1;Domingo;13708800.00;3862800.00;5615500.00;30056300.00;80559800.00;1445200.00;3322000.00;4219800.00;142790200.00;6372
9/02/2025;1;3;Domingo;0.00;0.00;292600.00;3585000.00;70877600.00;0.00;0.00;30800.00;74786000.00;5823
10/02/2025;1;3;Lunes;0.00;0.00;2547400.00;5630700.00;80834800.00;0.00;408000.00;1324400.00;90745300.00;7030
10/02/2025;1;1;Lunes;46828000.00;10589200.00;34544700.00;38001800.00;60935600.00;7989200.00;21200400.00;19876300.00;239965200.00;8116
11/02/2025;1;1;Martes;43543600.00;8783200.00;33912300.00;37894400.00;60569600.00;7994400.00;22589600.00;21632800.00;236919900.00;8103
11/02/2025;1;3;Martes;0.00;0.00;3517600.00;5693400.00;87497200.00;204000.00;680000.00;954800.00;98547000.00;7600
12/02/2025;1;3;Miercoles;0.00;0.00;2677000.00;6046100.00;87109200.00;34000.00;544000.00;1740200.00;98150500.00;7586
12/02/2025;1;1;Miercoles;24140400.00;5952400.00;17189300.00;16724800.00;24005800.00;3226800.00;10681600.00;10306000.00;112227100.00;3614
13/02/2025;1;1;Jueves;76093600.00;18175600.00;53499400.00;60536700.00;94625900.00;10832800.00;33378400.00;31493000.00;378635400.00;12746
13/02/2025;1;3;Jueves;51100.00;0.00;2987600.00;5788200.00;88558500.00;0.00;714000.00;1663200.00;99762600.00;7695
14/02/2025;1;3;Viernes;0.00;0.00;2621200.00;5562600.00;99246500.00;34000.00;510000.00;1278200.00;109252500.00;8463
14/02/2025;1;1;Viernes;49580000.00;12267200.00;34968600.00;38715200.00;73229200.00;8335600.00;23753600.00;20542900.00;261392300.00;9010
15/02/2025;1;3;Sabado;0.00;0.00;2008400.00;4768300.00;93010700.00;0.00;340000.00;585200.00;100712600.00;7823
15/02/2025;1;1;Sabado;36533600.00;8455600.00;22255600.00;35517000.00;82624300.00;6730000.00;11898800.00;13334600.00;217349500.00;8205
16/02/2025;1;3;Domingo;0.00;0.00;431200.00;3547500.00;75967400.00;0.00;0.00;77000.00;80023100.00;6225
16/02/2025;1;1;Domingo;12014400.00;4955600.00;5208300.00;34219800.00;86625600.00;2321200.00;3464000.00;3598800.00;152407700.00;6828
17/02/2025;1;3;Lunes;0.00;0.00;2464000.00;5439400.00;82923000.00;0.00;170000.00;1124200.00;92120600.00;7153
17/02/2025;1;1;Lunes;48306400.00;10547200.00;33370200.00;37526200.00;60751400.00;6634800.00;22801200.00;18738700.00;238676100.00;8030
18/02/2025;1;1;Martes;48238800.00;12376400.00;34067200.00;36460100.00;60450000.00;7722400.00;24150800.00;21911500.00;245377200.00;8203
18/02/2025;1;3;Martes;0.00;0.00;2544200.00;5515300.00;81834000.00;0.00;748000.00;1167900.00;91809400.00;7105
19/02/2025;1;3;Miercoles;51100.00;0.00;2618000.00;5655000.00;91025200.00;0.00;680000.00;1062600.00;101091900.00;7796
19/02/2025;1;1;Miercoles;52074000.00;11718800.00;34952600.00;37870000.00;62620300.00;9641200.00;25733200.00;22571700.00;257181800.00;8550
20/02/2025;1;3;Jueves;-51100.00;0.00;2741200.00;5839800.00;94001800.00;0.00;680000.00;1201200.00;104412900.00;8080
20/02/2025;1;1;Jueves;48994400.00;11493200.00;38051900.00;37579500.00;62368200.00;8096400.00;24313600.00;21125600.00;252022800.00;8469
21/02/2025;1;1;Viernes;48978000.00;12355600.00;35196700.00;38367300.00;71155400.00;8684000.00;24882800.00;19892200.00;259512000.00;8920
21/02/2025;1;3;Viernes;0.00;0.00;2836800.00;5699900.00;99122100.00;0.00;1156000.00;1185800.00;110000600.00;8498
22/02/2025;1;1;Sabado;35243600.00;9145600.00;20678600.00;34112500.00;83279800.00;6237600.00;15081600.00;12184500.00;215963800.00;8182
22/02/2025;1;3;Sabado;0.00;0.00;1786400.00;5068700.00;107494300.00;102000.00;204000.00;739200.00;115394600.00;8975
23/02/2025;1;1;Domingo;13502000.00;3442000.00;6129000.00;32551100.00;85968500.00;2079200.00;3986400.00;3227300.00;150885500.00;6752
23/02/2025;1;3;Domingo;0.00;0.00;415800.00;3219300.00;83633300.00;0.00;0.00;30800.00;87299200.00;6810
24/02/2025;1;3;Lunes;0.00;0.00;2532000.00;5706400.00;83941000.00;34000.00;1462000.00;1524600.00;95200000.00;7327
24/02/2025;1;1;Lunes;45528800.00;12060400.00;33494300.00;38841500.00;62678000.00;9529600.00;23969600.00;19549000.00;245651200.00;8306
25/02/2025;1;1;Martes;47481200.00;10461600.00;34981400.00;37553200.00;61392400.00;7889600.00;25038400.00;20293900.00;245091700.00;8264
25/02/2025;1;3;Martes;0.00;0.00;3327100.00;5698600.00;90597300.00;0.00;1292000.00;1386000.00;102301000.00;7865
26/02/2025;1;3;Miercoles;0.00;0.00;2633400.00;5882100.00;91532300.00;68000.00;2040000.00;1432200.00;103588000.00;7938
26/02/2025;1;1;Miercoles;45847200.00;11079600.00;34353000.00;35937200.00;61514800.00;8532800.00;25435600.00;19894000.00;242594200.00;8163
27/02/2025;1;1;Jueves;50577200.00;11983600.00;37085300.00;38157200.00;64409700.00;8668000.00;26634400.00;21471600.00;258987000.00;8686
27/02/2025;1;3;Jueves;0.00;0.00;2695000.00;5938500.00;92818900.00;68000.00;1360000.00;1432200.00;104312600.00;8017
28/02/2025;1;3;Viernes;0.00;0.00;2710400.00;5797500.00;99809500.00;68000.00;1020000.00;1031800.00;110437200.00;8526
28/02/2025;1;1;Viernes;49124400.00;11330400.00;34690600.00;42854400.00;85667500.00;7792000.00;24418000.00;19561700.00;275439000.00;9828
1/03/2025;1;1;Sabado;36903200.00;8825200.00;22039900.00;37501400.00;86418000.00;6444400.00;17964400.00;14264300.00;230360800.00;8635
1/03/2025;1;3;Sabado;0.00;0.00;1617000.00;4867200.00;104649800.00;0.00;544000.00;477400.00;112155400.00;8676
2/03/2025;1;1;Domingo;13339200.00;3570000.00;5326600.00;36250100.00;92169200.00;1786400.00;3140800.00;2979100.00;158561400.00;7180
2/03/2025;1;3;Domingo;0.00;0.00;385000.00;3805600.00;84852800.00;0.00;0.00;30800.00;89074200.00;6944
3/03/2025;1;3;Lunes;0.00;0.00;2941400.00;6010300.00;84813700.00;0.00;442000.00;1309000.00;95516400.00;7430
3/03/2025;1;1;Lunes;43894800.00;11428400.00;33143900.00;38535500.00;61391000.00;9457200.00;23426000.00;20026100.00;241302900.00;8167
4/03/2025;1;1;Martes;47344000.00;11978800.00;34218400.00;38574000.00;64226000.00;7842800.00;28128000.00;20724900.00;253036900.00;8506
4/03/2025;1;3;Martes;0.00;0.00;2956800.00;5644800.00;90492600.00;0.00;918000.00;1216600.00;101228800.00;7817
5/03/2025;1;3;Miercoles;0.00;0.00;2787400.00;5940000.00;91110600.00;0.00;1190000.00;1185800.00;102213800.00;7877
5/03/2025;1;1;Miercoles;50302800.00;11983600.00;36169700.00;39318500.00;61862500.00;7294800.00;26687600.00;20663500.00;254283000.00;8487
6/03/2025;1;3;Jueves;0.00;0.00;3264800.00;5786000.00;93932800.00;34000.00;1122000.00;1078000.00;105217600.00;8104
6/03/2025;1;1;Jueves;49614800.00;12636800.00;36554300.00;39552900.00;64631200.00;8477600.00;27972400.00;21176500.00;260616500.00;8735
7/03/2025;1;3;Viernes;0.00;0.00;2833600.00;6043900.00;100805700.00;68000.00;1428000.00;1047200.00;112226400.00;8657
7/03/2025;1;1;Viernes;53217600.00;11639600.00;34334800.00;39844100.00;73165700.00;8252000.00;25935200.00;21504700.00;267893700.00;9120
8/03/2025;1;3;Sabado;0.00;0.00;1955800.00;5508400.00;104876500.00;0.00;1020000.00;862400.00;114223100.00;8836
8/03/2025;1;1;Sabado;41538000.00;8611200.00;23045500.00;34299700.00;84250800.00;7000000.00;16394000.00;11856500.00;226995700.00;8395
9/03/2025;1;1;Domingo;13932000.00;4680800.00;4965000.00;32229000.00;86411400.00;2602400.00;3761200.00;3481900.00;152063700.00;6795
9/03/2025;1;3;Domingo;0.00;0.00;415800.00;3986300.00;84678800.00;0.00;0.00;61600.00;89142500.00;6945
10/03/2025;1;1;Lunes;50990800.00;10470400.00;33638200.00;38853700.00;60874200.00;7434000.00;24378800.00;19180400.00;245820500.00;8240
10/03/2025;1;3;Lunes;0.00;0.00;2698200.00;6039800.00;82370900.00;0.00;1088000.00;1509200.00;93706100.00;7210
11/03/2025;1;1;Martes;45926000.00;11767600.00;34389100.00;37963300.00;60793200.00;8184400.00;27024400.00;21434200.00;247482200.00;8287
11/03/2025;1;3;Martes;0.00;0.00;3141600.00;5909200.00;86950200.00;102000.00;1496000.00;1493800.00;99092800.00;7612
12/03/2025;1;3;Miercoles;0.00;0.00;2627600.00;5675800.00;90482400.00;102000.00;1530000.00;1216600.00;101634400.00;7822
12/03/2025;1;1;Miercoles;50732800.00;14417200.00;35697400.00;37988900.00;65651600.00;8330800.00;28670500.00;19900900.00;261390100.00;8676
13/03/2025;1;1;Jueves;51532400.00;12234400.00;33900500.00;37535600.00;64150100.00;8463200.00;27711100.00;21120200.00;256647500.00;8533
13/03/2025;1;3;Jueves;0.00;0.00;2716800.00;5969300.00;92127000.00;102000.00;1598000.00;1293600.00;103806700.00;8002
14/03/2025;1;1;Viernes;50346800.00;12218000.00;35556100.00;40111600.00;73362800.00;6549200.00;24383200.00;19896900.00;262424600.00;9097
14/03/2025;1;3;Viernes;0.00;0.00;2448600.00;6042600.00;104071200.00;68000.00;1734000.00;985600.00;115350000.00;8890
15/03/2025;1;3;Sabado;0.00;0.00;1801800.00;4900200.00;98787200.00;0.00;1054000.00;400400.00;106943600.00;8281
15/03/2025;1;1;Sabado;35854800.00;10254400.00;24396200.00;34898200.00;80689500.00;6474800.00;18412800.00;12121500.00;223102200.00;8277
16/03/2025;1;3;Domingo;0.00;0.00;415800.00;3786300.00;79824800.00;0.00;0.00;61600.00;84088500.00;6555
16/03/2025;1;1;Domingo;12642000.00;5041200.00;5089200.00;32767400.00;85256700.00;2079200.00;6246800.00;3837200.00;152959700.00;6727
17/03/2025;1;3;Lunes;0.00;0.00;2541000.00;6116800.00;96570000.00;0.00;714000.00;1108800.00;107050600.00;8312
17/03/2025;1;1;Lunes;53870800.00;10556400.00;32340000.00;38841500.00;68745700.00;7657200.00;28887600.00;19483100.00;260382300.00;8715
18/03/2025;1;3;Martes;0.00;0.00;2725800.00;5742400.00;85371800.00;102000.00;1292000.00;1047200.00;96281200.00;7413
18/03/2025;1;1;Martes;50121600.00;10970400.00;33796100.00;37846400.00;61452600.00;9288000.00;29215200.00;20886500.00;253576800.00;8380
19/03/2025;1;1;Miercoles;49082400.00;11244400.00;34403000.00;39133300.00;64590500.00;7450400.00;25616800.00;19771100.00;251291900.00;8501
19/03/2025;1;3;Miercoles;0.00;0.00;2510200.00;6361900.00;89777500.00;34000.00;986000.00;1170400.00;100840000.00;7770
20/03/2025;1;3;Jueves;0.00;0.00;3157000.00;5916800.00;92629200.00;170000.00;1088000.00;1339800.00;104300800.00;8033
20/03/2025;1;1;Jueves;52022800.00;9924400.00;34060800.00;37213400.00;65232300.00;7928800.00;25064000.00;19468700.00;250915200.00;8461
21/03/2025;1;1;Viernes;52701600.00;13110800.00;37870400.00;39563700.00;72156200.00;8019600.00;29078000.00;21052800.00;273553100.00;9220
21/03/2025;1;3;Viernes;0.00;0.00;2670600.00;6441300.00;97023500.00;0.00;1530000.00;1016400.00;108681800.00;8375
22/03/2025;1;3;Sabado;0.00;0.00;2032800.00;5200400.00;88777000.00;0.00;340000.00;688000.00;97038200.00;7531
22/03/2025;1;1;Sabado;26153200.00;5764000.00;17294700.00;38175500.00;97323500.00;3338400.00;10052000.00;8619600.00;206720900.00;8580
23/03/2025;1;1;Domingo;17983200.00;5773200.00;6564100.00;37093100.00;91248500.00;2588000.00;3563600.00;4250000.00;169063700.00;7335
23/03/2025;1;3;Domingo;0.00;0.00;492800.00;3470500.00;74686000.00;0.00;0.00;133600.00;78782900.00;6152
24/03/2025;1;1;Lunes;7310000.00;2563600.00;6014300.00;35177200.00;92292000.00;1268400.00;2959600.00;3138000.00;150723100.00;7072
24/03/2025;1;3;Lunes;0.00;0.00;508200.00;3674400.00;63459200.00;0.00;136000.00;154000.00;67931800.00;5270
25/03/2025;1;1;Martes;55625600.00;12137600.00;36603600.00;40200100.00;64210400.00;7273600.00;28680800.00;21375400.00;266107100.00;8801
25/03/2025;1;3;Martes;0.00;0.00;3095400.00;5741100.00;89347500.00;34000.00;578000.00;1355200.00;100151200.00;7749
26/03/2025;1;1;Miercoles;57664000.00;13659600.00;36681900.00;38920600.00;63793000.00;9288000.00;30623200.00;24482200.00;275112500.00;8901
26/03/2025;1;3;Miercoles;0.00;0.00;2701400.00;5786000.00;90092700.00;117400.00;952000.00;1247400.00;100896900.00;7777
27/03/2025;1;1;Jueves;59574400.00;14847200.00;38707300.00;38911000.00;63665900.00;7325200.00;29914400.00;23772100.00;276717500.00;8991
27/03/2025;1;3;Jueves;0.00;0.00;2729000.00;5764300.00;89473900.00;0.00;884000.00;1216600.00;100067800.00;7731
28/03/2025;1;1;Viernes;59883600.00;15474800.00;37600300.00;40666200.00;69519800.00;8031600.00;29375200.00;23808500.00;284360000.00;9370
28/03/2025;1;3;Viernes;0.00;0.00;2772000.00;5691200.00;94264900.00;102000.00;1258000.00;939400.00;105027500.00;8106
29/03/2025;1;1;Sabado;42837200.00;11707200.00;24114000.00;35477800.00;75487700.00;6564100.00;18508000.00;14963700.00;229659700.00;8180
29/03/2025;1;3;Sabado;0.00;0.00;1709400.00;5540300.00;95045900.00;0.00;578000.00;415800.00;103289400.00;8001
30/03/2025;1;3;Domingo;0.00;0.00;431200.00;3898900.00;73710300.00;0.00;0.00;46200.00;78086600.00;6093
30/03/2025;1;1;Domingo;23306000.00;6975200.00;6782500.00;34418300.00;80603800.00;2017700.00;4404400.00;4085200.00;162593100.00;6727
31/03/2025;1;1;Lunes;52934000.00;10152000.00;33807700.00;38518600.00;60707000.00;6590600.00;21000800.00;19802500.00;243513200.00;8215
31/03/2025;1;3;Lunes;102200.00;45600.00;2673800.00;5826800.00;79086900.00;0.00;408000.00;1155000.00;89298300.00;6912
1/04/2025;1;3;Martes;0.00;0.00;3033800.00;5923100.00;83502600.00;136000.00;884000.00;1093400.00;94572900.00;7305
1/04/2025;1;1;Martes;51997200.00;13471200.00;34967800.00;39098900.00;63160800.00;6876400.00;26799200.00;20270400.00;256641900.00;8505
2/04/2025;1;3;Miercoles;0.00;0.00;2448600.00;5848800.00;87573500.00;170000.00;952000.00;1370600.00;98363500.00;7601
2/04/2025;1;1;Miercoles;57647600.00;11432800.00;36609200.00;38946900.00;62504100.00;7829200.00;27187200.00;22238400.00;264395400.00;8675
3/04/2025;1;1;Jueves;52557200.00;12792400.00;35258700.00;35508900.00;57684500.00;6958800.00;26151200.00;22478600.00;249390300.00;8182
3/04/2025;1;3;Jueves;102200.00;0.00;3033800.00;6052800.00;89718400.00;34000.00;1496000.00;1108800.00;101546000.00;7808
4/04/2025;1;3;Viernes;0.00;0.00;2618000.00;5991200.00;98848400.00;0.00;850000.00;1201200.00;109508800.00;8478
4/04/2025;1;1;Viernes;55290800.00;10607600.00;36576700.00;39002300.00;77147500.00;8882000.00;29863200.00;20200900.00;277571000.00;9501
5/04/2025;1;1;Sabado;38760400.00;10684400.00;22427500.00;37897900.00;83077600.00;5250400.00;19655600.00;13928300.00;231682100.00;8537
5/04/2025;1;3;Sabado;0.00;0.00;1909600.00;5026000.00;100137200.00;34000.00;578000.00;600600.00;108285400.00;8399
6/04/2025;1;3;Domingo;0.00;0.00;354200.00;3699100.00;76860500.00;0.00;102000.00;61600.00;81077400.00;6314
6/04/2025;1;1;Domingo;17372000.00;5420000.00;5750700.00;35015100.00;82533000.00;2846000.00;7972800.00;3922500.00;160832100.00;6793
7/04/2025;1;1;Lunes;50518800.00;11230800.00;34166200.00;37770700.00;58421500.00;6216800.00;21855600.00;19982700.00;240163100.00;8077
7/04/2025;1;3;Lunes;0.00;0.00;2408800.00;5793600.00;81796800.00;34000.00;986000.00;1124200.00;92143400.00;7115
8/04/2025;1;1;Martes;48436400.00;11098000.00;34537000.00;37737600.00;60502400.00;5534400.00;29561200.00;21871800.00;249278800.00;8301
8/04/2025;1;3;Martes;0.00;0.00;2941400.00;5988600.00;86662000.00;0.00;374000.00;1216600.00;97182600.00;7541
9/04/2025;1;3;Miercoles;0.00;0.00;2485800.00;6272100.00;86216500.00;34000.00;850000.00;1139600.00;96998000.00;7487
9/04/2025;1;1;Miercoles;53442800.00;12611200.00;34261600.00;36797200.00;58016100.00;7562000.00;27498400.00;20076600.00;250265900.00;8144
10/04/2025;1;3;Jueves;102200.00;0.00;2818200.00;5802700.00;88249000.00;34000.00;1938000.00;1432200.00;100376300.00;7690
10/04/2025;1;1;Jueves;51300000.00;13101600.00;34013600.00;32766600.00;51592000.00;7394800.00;26885200.00;19947400.00;237001200.00;7570
11/04/2025;1;1;Viernes;56236800.00;14047600.00;36719500.00;39850100.00;71167300.00;10289200.00;31027200.00;21758700.00;281096400.00;9307
11/04/2025;1;3;Viernes;0.00;0.00;2741200.00;5888700.00;99581700.00;136000.00;1496000.00;1016400.00;110860000.00;8529
12/04/2025;1;1;Sabado;31450400.00;8955200.00;20923100.00;36396600.00;88782400.00;3545200.00;16912000.00;11436400.00;218401300.00;8468
12/04/2025;1;3;Sabado;0.00;0.00;2174600.00;4192800.00;72436600.00;34000.00;680000.00;723800.00;80241800.00;6220
13/04/2025;1;3;Domingo;0.00;0.00;385000.00;3073100.00;62004200.00;0.00;34000.00;61600.00;65557900.00;5143
13/04/2025;1;1;Domingo;21156000.00;8258000.00;5719400.00;30994600.00;74589500.00;2562400.00;4530000.00;5235600.00;153045500.00;6244
14/04/2025;1;3;Lunes;0.00;0.00;2532000.00;5063300.00;68959100.00;0.00;1122000.00;1306500.00;78982900.00;6075
14/04/2025;1;1;Lunes;54275200.00;12688000.00;34724300.00;38902300.00;70713900.00;7626800.00;29500800.00;21110300.00;269541600.00;9005
15/04/2025;1;3;Martes;34000.00;0.00;2879800.00;4832500.00;68298300.00;68000.00;1394000.00;1185800.00;78692400.00;6045
15/04/2025;1;1;Martes;52650400.00;12560000.00;36505500.00;38098400.00;70970300.00;7850000.00;28430000.00;21959600.00;269024200.00;9088
16/04/2025;1;3;Miercoles;0.00;0.00;2636600.00;4831200.00;74816800.00;306000.00;1870000.00;1016400.00;85477000.00;6528
16/04/2025;1;1;Miercoles;49312800.00;12664400.00;34241200.00;40641300.00;86283800.00;5283200.00;26153200.00;19857000.00;274436900.00;9746
17/04/2025;1;1;Jueves;10647600.00;3416400.00;8003000.00;33811900.00;74469900.00;1087600.00;5466400.00;3506800.00;140409600.00;6235
17/04/2025;1;3;Jueves;0.00;0.00;1047200.00;3231000.00;58558100.00;0.00;102000.00;61600.00;62999900.00;4892
18/04/2025;1;3;Viernes;0.00;0.00;138600.00;2739700.00;48199600.00;0.00;0.00;15400.00;51093300.00;3989
18/04/2025;1;1;Viernes;8256000.00;3535200.00;4881400.00;25361000.00;58163900.00;629600.00;2536800.00;1836700.00;105200600.00;4676
19/04/2025;1;1;Sabado;19436000.00;5620200.00;13516200.00;34461800.00;86186000.00;2648400.00;7006400.00;8081000.00;176956000.00;7477
19/04/2025;1;3;Sabado;0.00;0.00;1278200.00;4501300.00;70126100.00;0.00;238000.00;154000.00;76297600.00;5914
20/04/2025;1;1;Domingo;6364000.00;2366000.00;2902800.00;36835100.00;80167600.00;750400.00;2899200.00;2074000.00;134359100.00;6240
20/04/2025;1;3;Domingo;0.00;0.00;277200.00;4074800.00;55047300.00;0.00;0.00;46200.00;59445500.00;4638
21/04/2025;1;3;Lunes;102200.00;0.00;2655200.00;5642400.00;76084500.00;34000.00;1190000.00;877800.00;86586100.00;6640
21/04/2025;1;1;Lunes;51102400.00;12123000.00;34241000.00;40274400.00;63319100.00;5254800.00;27700800.00;18631200.00;252646700.00;8460
22/04/2025;1;3;Martes;0.00;0.00;3409200.00;5968200.00;88866500.00;136000.00;1360000.00;1247400.00;100987300.00;7770
22/04/2025;1;1;Martes;47395200.00;12084900.00;36155400.00;38228100.00;60815000.00;6993200.00;31710000.00;22294500.00;255676300.00;8464
23/04/2025;1;3;Miercoles;0.00;0.00;2725800.00;5462800.00;87107100.00;136000.00;544000.00;1078000.00;97053700.00;7514
23/04/2025;1;1;Miercoles;48815200.00;13823100.00;37154200.00;38528700.00;63556100.00;6734800.00;31675600.00;21764700.00;262052400.00;8733
24/04/2025;1;3;Jueves;0.00;0.00;2941400.00;6173400.00;90429000.00;136000.00;1122000.00;1509200.00;102311000.00;7896
24/04/2025;1;1;Jueves;52099600.00;14891200.00;36644300.00;38811100.00;64054300.00;7053200.00;27834500.00;20683200.00;262071400.00;8670
25/04/2025;1;3;Viernes;0.00;0.00;3037000.00;5864100.00;93425300.00;34000.00;1088000.00;908600.00;104357000.00;8072
25/04/2025;1;1;Viernes;51592800.00;15098000.00;36198200.00;39898100.00;69502700.00;7571200.00;32945100.00;21582800.00;274388900.00;9126
26/04/2025;1;3;Sabado;0.00;0.00;1623400.00;5371200.00;94186600.00;0.00;170000.00;585200.00;101936400.00;7958
26/04/2025;1;1;Sabado;40661600.00;10845200.00;22445100.00;35739900.00;77038300.00;5724800.00;20310000.00;15394300.00;228159200.00;8243
27/04/2025;1;3;Domingo;0.00;0.00;277200.00;3667000.00;75739000.00;0.00;0.00;46200.00;79729400.00;6238
27/04/2025;1;1;Domingo;17802000.00;7758400.00;6846000.00;32769300.00;73123900.00;3268800.00;4892800.00;3532700.00;149993900.00;6196
28/04/2025;1;1;Lunes;49530000.00;9678900.00;34645100.00;37781500.00;61636100.00;6342000.00;29798400.00;19534500.00;248946500.00;8374
28/04/2025;1;3;Lunes;0.00;0.00;2781600.00;5849800.00;83443800.00;68000.00;544000.00;1170400.00;93857600.00;7268
29/04/2025;1;3;Martes;0.00;0.00;2741200.00;5923100.00;85950600.00;68000.00;918000.00;770000.00;96370900.00;7463
29/04/2025;1;1;Martes;46853600.00;14109700.00;33105500.00;36937000.00;56873500.00;7778000.00;25876400.00;22835200.00;244368900.00;8022
30/04/2025;1;1;Miercoles;51076800.00;11762600.00;35854700.00;38099700.00;71826400.00;7118400.00;30337200.00;22290400.00;268366200.00;9132
30/04/2025;1;3;Miercoles;0.00;0.00;3033800.00;6096600.00;103245300.00;68000.00;884000.00;1260300.00;114588000.00;8865
1/05/2025;1;3;Jueves;0.00;0.00;1139600.00;3497600.00;65792200.00;0.00;34000.00;79500.00;70542900.00;5523
1/05/2025;1;1;Jueves;22034400.00;7354000.00;13082400.00;27347100.00;63730600.00;4425600.00;11355600.00;7495500.00;156825200.00;6063
2/05/2025;1;1;Viernes;44945200.00;13831600.00;34920700.00;38126100.00;68654200.00;7113600.00;30613600.00;20841400.00;259046400.00;8771
2/05/2025;1;3;Viernes;0.00;0.00;2809200.00;5544800.00;89280100.00;0.00;782000.00;1201200.00;99617300.00;7706
3/05/2025;1;1;Sabado;31313200.00;10820500.00;22139400.00;35186100.00;76237400.00;5582400.00;14556400.00;13528900.00;209364300.00;7821
3/05/2025;1;3;Sabado;0.00;0.00;1574000.00;4776300.00;87267700.00;0.00;238000.00;677600.00;94533600.00;7353
4/05/2025;1;1;Domingo;16830400.00;5127200.00;5505700.00;32394500.00;74987100.00;1682000.00;3986400.00;4226500.00;144739800.00;6178
4/05/2025;1;3;Domingo;0.00;0.00;277200.00;4142700.00;70501200.00;0.00;0.00;61600.00;74982700.00;5850
5/05/2025;1;1;Lunes;45142800.00;12395900.00;35957800.00;37720100.00;60473200.00;7546000.00;28172000.00;19679900.00;247087700.00;8358
5/05/2025;1;3;Lunes;102200.00;0.00;2963200.00;5632000.00;84479100.00;136000.00;340000.00;1463000.00;95115500.00;7356
6/05/2025;1;1;Martes;43999200.00;13238800.00;32013400.00;29982600.00;42934100.00;8419600.00;25630800.00;19421700.00;215640200.00;6832
6/05/2025;1;3;Martes;0.00;0.00;3080000.00;5610500.00;81149800.00;102000.00;884000.00;1632400.00;92458700.00;7128
7/05/2025;1;1;Miercoles;46260800.00;13252800.00;35062700.00;40243400.00;57124200.00;8960800.00;30700900.00;22334300.00;253939900.00;8340
7/05/2025;1;3;Miercoles;51100.00;0.00;2417800.00;5828500.00;74513100.00;102000.00;680000.00;1170400.00;84762900.00;6541
8/05/2025;1;3;Jueves;0.00;0.00;2883000.00;6206800.00;81652300.00;34000.00;442000.00;1355200.00;92573300.00;7171
8/05/2025;1;1;Jueves;49742800.00;13910400.00;36123700.00;38494300.00;64071900.00;8122000.00;29596700.00;20771000.00;260832800.00;8625
9/05/2025;1;1;Viernes;50482000.00;15595600.00;37342300.00;38560500.00;69116100.00;8175200.00;30251200.00;20373300.00;269896200.00;8986
9/05/2025;1;3;Viernes;0.00;0.00;2556400.00;5856700.00;84160900.00;272000.00;918000.00;939400.00;94703400.00;7310
10/05/2025;1;3;Sabado;0.00;0.00;1540000.00;5203400.00;98368400.00;0.00;204000.00;415800.00;105731600.00;8217
10/05/2025;1;1;Sabado;39044000.00;12439600.00;24081700.00;34150400.00;84160600.00;6512900.00;18120000.00;12586500.00;231095700.00;8456
11/05/2025;1;1;Domingo;18060000.00;7010000.00;5922200.00;30292200.00;92159300.00;1561200.00;3926000.00;3387100.00;162318000.00;7080
11/05/2025;1;3;Domingo;0.00;0.00;308000.00;3166600.00;82108600.00;0.00;0.00;77000.00;85660200.00;6682
12/05/2025;1;1;Lunes;47302000.00;11244400.00;34593700.00;38500300.00;61641200.00;7916300.00;27703000.00;22643200.00;251544100.00;8514
12/05/2025;1;3;Lunes;0.00;0.00;2387000.00;5627200.00;75077700.00;136000.00;306000.00;1262800.00;84796700.00;6570
13/05/2025;1;3;Martes;0.00;0.00;3095400.00;5740000.00;77770800.00;68000.00;204000.00;1401400.00;88279600.00;6868
13/05/2025;1;1;Martes;49770400.00;13996800.00;36324000.00;39724500.00;61505800.00;6484000.00;32781000.00;22676500.00;263263000.00;8681
14/05/2025;1;1;Miercoles;48961600.00;13914800.00;36023000.00;37918700.00;62609900.00;9037600.00;32908800.00;22005500.00;263379900.00;8672
14/05/2025;1;3;Miercoles;0.00;0.00;2494800.00;5614200.00;78850900.00;374000.00;884000.00;1601600.00;89819500.00;6929
15/05/2025;1;1;Jueves;49347600.00;15137600.00;36731800.00;39619800.00;62658400.00;9021200.00;33719600.00;21386700.00;267622700.00;8754
15/05/2025;1;3;Jueves;0.00;0.00;2821400.00;5901400.00;81763200.00;306000.00;1156000.00;1817200.00;93765200.00;7239
16/05/2025;1;1;Viernes;52057600.00;15012000.00;35490300.00;40064300.00;72417100.00;8925600.00;29835600.00;21197800.00;275000300.00;9228
16/05/2025;1;3;Viernes;0.00;0.00;2818200.00;5979700.00;87350800.00;136000.00;1224000.00;1438600.00;98947300.00;7645
17/05/2025;1;1;Sabado;34916000.00;11512000.00;22637400.00;35002900.00;78127700.00;6160800.00;19811200.00;12489400.00;220657400.00;8035
17/05/2025;1;3;Sabado;0.00;0.00;1894200.00;5300800.00;88542200.00;34000.00;408000.00;477400.00;96656600.00;7499
18/05/2025;1;3;Domingo;0.00;0.00;431200.00;3823400.00;65745200.00;0.00;34000.00;138600.00;70172400.00;5472
18/05/2025;1;1;Domingo;16856000.00;8130000.00;5015700.00;33994800.00;79036500.00;1173200.00;4771600.00;3795000.00;152772800.00;6439
19/05/2025;1;3;Lunes;0.00;0.00;2359400.00;5656500.00;74649200.00;68000.00;272000.00;1570800.00;84575900.00;6588
19/05/2025;1;1;Lunes;48324800.00;13035600.00;35306900.00;37939600.00;61451600.00;10924400.00;27652000.00;19047300.00;253682200.00;8466
20/05/2025;1;1;Martes;48334000.00;13824400.00;37067600.00;36933700.00;61667600.00;7636000.00;29410400.00;20382600.00;255256300.00;8480
20/05/2025;1;3;Martes;0.00;0.00;2879800.00;5492500.00;78859800.00;68000.00;612000.00;1262800.00;89174900.00;6894
21/05/2025;1;3;Miercoles;0.00;0.00;2667400.00;5616800.00;78161700.00;170000.00;850000.00;1216600.00;88682500.00;6839
21/05/2025;1;1;Miercoles;56976000.00;15012000.00;35570300.00;37593700.00;60871400.00;9996400.00;28032800.00;20818400.00;264871000.00;8503
22/05/2025;1;1;Jueves;53905600.00;14603200.00;38005700.00;37584200.00;63583400.00;7842800.00;30044400.00;21818600.00;267387900.00;8745
22/05/2025;1;3;Jueves;0.00;0.00;2972200.00;5629600.00;84927200.00;510000.00;646000.00;1278200.00;95963200.00;7424
23/05/2025;1;1;Viernes;51506800.00;16929600.00;35154000.00;39912900.00;70637100.00;10082800.00;27024400.00;22553900.00;273801500.00;9163
23/05/2025;1;3;Viernes;0.00;0.00;2716800.00;5479700.00;86159100.00;136000.00;748000.00;1309000.00;96548600.00;7472
24/05/2025;1;3;Sabado;0.00;0.00;1678600.00;5037700.00;90282700.00;0.00;374000.00;569800.00;97942800.00;7612
24/05/2025;1;1;Sabado;44471200.00;14289600.00;24058100.00;34390800.00;83164800.00;5703200.00;15100000.00;13425000.00;234602700.00;8456
25/05/2025;1;1;Domingo;17002400.00;6889200.00;6081000.00;31859300.00;80983800.00;1872400.00;4469600.00;3947000.00;153104700.00;6534
25/05/2025;1;3;Domingo;0.00;0.00;534000.00;3915800.00;71879000.00;0.00;0.00;92400.00;76421200.00;5953
26/05/2025;1;3;Lunes;0.00;0.00;2259800.00;5409000.00;72163300.00;374000.00;442000.00;1524600.00;82172700.00;6375
26/05/2025;1;1;Lunes;47292800.00;14272400.00;36736300.00;35275100.00;59696900.00;7380100.00;24487600.00;20614800.00;245756000.00;8295
27/05/2025;1;1;Martes;50844400.00;13884800.00;36165800.00;37904500.00;63628900.00;7430300.00;31001600.00;22014200.00;262874500.00;8658
27/05/2025;1;3;Martes;0.00;0.00;2987600.00;5300100.00;77859600.00;340000.00;646000.00;1386000.00;88519300.00;6862
28/05/2025;1;3;Miercoles;0.00;0.00;2494800.00;5216600.00;76828400.00;0.00;544000.00;1355200.00;86439000.00;6700
28/05/2025;1;1;Miercoles;56571600.00;15235200.00;36866800.00;37639700.00;60100500.00;7264800.00;32788000.00;20990100.00;267456700.00;8565
29/05/2025;1;1;Jueves;55600000.00;13548000.00;38616700.00;36999200.00;59960700.00;9360000.00;33357200.00;23836900.00;271278700.00;8716
29/05/2025;1;3;Jueves;0.00;0.00;2941400.00;5327000.00;80130200.00;204000.00;646000.00;1617000.00;90865600.00;7017
30/05/2025;1;3;Viernes;0.00;0.00;2510200.00;5368200.00;87868500.00;0.00;476000.00;1509200.00;97732100.00;7576
30/05/2025;1;1;Viernes;56452800.00;13290400.00;36999700.00;39978500.00;74763500.00;10303200.00;33417600.00;21476300.00;286682000.00;9587
31/05/2025;1;1;Sabado;26316000.00;8830000.00;18253100.00;37420200.00;95844700.00;3226800.00;13046400.00;9886700.00;212823900.00;8629
31/05/2025;1;3;Sabado;0.00;0.00;1755600.00;4354200.00;83770300.00;0.00;340000.00;739200.00;90959300.00;7062
1/06/2025;1;1;Domingo;21070000.00;7130800.00;5983900.00;36762900.00;92159000.00;1993200.00;5798400.00;4487400.00;175385600.00;7436
1/06/2025;1;3;Domingo;51100.00;0.00;462000.00;3125800.00;77384700.00;0.00;0.00;92400.00;81116000.00;6321
2/06/2025;1;3;Lunes;0.00;0.00;569800.00;3414300.00;58747400.00;0.00;0.00;138600.00;62870100.00;4901
2/06/2025;1;1;Lunes;6031200.00;2649600.00;7012900.00;30954800.00;82836100.00;1118000.00;3140800.00;4278800.00;138022200.00;6502
3/06/2025;1;1;Martes;52978000.00;13096800.00;37857900.00;37478200.00;64259000.00;7576000.00;33166800.00;23987000.00;270399700.00;8944
3/06/2025;1;3;Martes;-51100.00;0.00;2802800.00;5288600.00;76608600.00;0.00;680000.00;1509200.00;86838100.00;6741
4/06/2025;1;3;Miercoles;0.00;0.00;2575000.00;5350200.00;78247700.00;204000.00;816000.00;1355200.00;88548100.00;6840
4/06/2025;1;1;Miercoles;48815200.00;14873200.00;37404300.00;38410500.00;64316200.00;8528400.00;31812400.00;23820900.00;267981100.00;8838
5/06/2025;1;3;Jueves;0.00;0.00;2855400.00;5378400.00;80016100.00;102000.00;986000.00;893200.00;90231100.00;6984
5/06/2025;1;1;Jueves;55609200.00;17122400.00;38485500.00;37591000.00;63008200.00;7394400.00;32477200.00;22067500.00;273755400.00;8881
6/06/2025;1;3;Viernes;0.00;0.00;2741200.00;5624600.00;82274800.00;102000.00;1292000.00;1370600.00;93405200.00;7215
6/06/2025;1;1;Viernes;45521600.00;11454000.00;33436500.00;35443900.00;57891900.00;7796600.00;29958400.00;19272600.00;240775500.00;7946
7/06/2025;1;1;Sabado;48806000.00;14791600.00;27559800.00;40411800.00;91738000.00;8730400.00;24401600.00;15565700.00;272004900.00;9656
7/06/2025;1;3;Sabado;0.00;0.00;1450800.00;4693000.00;88255900.00;136000.00;714000.00;800800.00;96050500.00;7443
8/06/2025;1;3;Domingo;0.00;0.00;354200.00;3832500.00;71059000.00;0.00;0.00;30800.00;75276500.00;5888
8/06/2025;1;1;Domingo;17286000.00;9012500.00;5897700.00;31223600.00;81106200.00;1940000.00;4288400.00;4488300.00;155242700.00;6555
9/06/2025;1;3;Lunes;0.00;0.00;2682800.00;5665600.00;74398100.00;34000.00;782000.00;1355200.00;84917700.00;6564
9/06/2025;1;1;Lunes;48796800.00;13927900.00;34008600.00;34481800.00;56817500.00;7015500.00;25419200.00;18525100.00;238992400.00;7930
10/06/2025;1;3;Martes;0.00;0.00;3268000.00;5457800.00;76806600.00;0.00;986000.00;1293600.00;87812000.00;6784
10/06/2025;1;1;Martes;53907600.00;14491600.00;37776000.00;37809200.00;60898800.00;8197100.00;34488400.00;22291500.00;269860200.00;8770
11/06/2025;1;1;Miercoles;55074800.00;15598000.00;36246800.00;37006600.00;63159800.00;8865200.00;32063200.00;21873100.00;269887500.00;8690
11/06/2025;1;3;Miercoles;0.00;0.00;2433200.00;5499000.00;79841700.00;34000.00;952000.00;1355200.00;90115100.00;6962
12/06/2025;1;1;Jueves;56390400.00;15193200.00;36544700.00;37768600.00;60938300.00;8814400.00;33331600.00;20917800.00;269899000.00;8657
12/06/2025;1;3;Jueves;51100.00;34000.00;2510200.00;5133500.00;79614700.00;34000.00;918000.00;1232000.00;89527500.00;6917
13/06/2025;1;3;Viernes;91200.00;0.00;2356200.00;5352800.00;84374500.00;68000.00;782000.00;1201200.00;94225900.00;7313
13/06/2025;1;1;Viernes;51502400.00;15249200.00;36347400.00;39038700.00;70474800.00;9983600.00;29647200.00;21683300.00;273926600.00;9191
14/06/2025;1;1;Sabado;39560000.00;12658000.00;24057200.00;37551100.00;86160000.00;6342000.00;18591800.00;13547500.00;238467600.00;8744
14/06/2025;1;3;Sabado;0.00;0.00;1635600.00;4717300.00;93290500.00;0.00;374000.00;292600.00;100310000.00;7793
15/06/2025;1;1;Domingo;14620000.00;7035600.00;5922200.00;32784300.00;92273300.00;1958400.00;4469600.00;4348100.00;163411500.00;7199
15/06/2025;1;3;Domingo;0.00;0.00;261800.00;3264200.00;80544600.00;0.00;136000.00;123200.00;84329800.00;6583
16/06/2025;1;3;Lunes;0.00;0.00;2387000.00;5107700.00;67504900.00;0.00;374000.00;1001000.00;76374600.00;5908
16/06/2025;1;1;Lunes;54361200.00;10844800.00;35185600.00;37623400.00;65554600.00;8693600.00;28917400.00;22874600.00;264055200.00;8837
17/06/2025;1;1;Martes;55007200.00;14120000.00;38459900.00;38161900.00;64087700.00;9478400.00;37032400.00;22894000.00;279241500.00;9048
17/06/2025;1;3;Martes;0.00;0.00;2818200.00;5193600.00;76111900.00;170000.00;1088000.00;1139600.00;86521300.00;6650
18/06/2025;1;3;Miercoles;0.00;0.00;2372300.00;5124200.00;75888000.00;0.00;986000.00;1463000.00;85833500.00;6603
18/06/2025;1;1;Miercoles;52899200.00;17476000.00;37298300.00;40135300.00;65672000.00;7792400.00;34753600.00;21454800.00;277481600.00;9088
19/06/2025;1;1;Jueves;57268800.00;15761200.00;38584600.00;39706900.00;68994100.00;9585200.00;32511600.00;22688900.00;285101300.00;9298
19/06/2025;1;3;Jueves;0.00;0.00;2652000.00;5550000.00;78401300.00;136000.00;952000.00;1771000.00;89462300.00;6883
20/06/2025;1;3;Viernes;0.00;0.00;2695000.00;5696200.00;84696900.00;102000.00;1020000.00;1801800.00;96011900.00;7389
20/06/2025;1;1;Viernes;55221200.00;16660400.00;39861700.00;40748700.00;79824700.00;10732800.00;38052000.00;23479000.00;304580500.00;10142
21/06/2025;1;1;Sabado;29472400.00;10666000.00;19628500.00;38443700.00;100976700.00;4892400.00;13892000.00;10677200.00;228648900.00;9104
21/06/2025;1;3;Sabado;0.00;0.00;1801800.00;4946800.00;85784900.00;102000.00;204000.00;646800.00;93486300.00;7253
22/06/2025;1;3;Domingo;0.00;0.00;400400.00;3556800.00;71939500.00;0.00;0.00;138600.00;76035300.00;5913
22/06/2025;1;1;Domingo;21802000.00;9051200.00;6100300.00;40714900.00;96090300.00;2054000.00;7954400.00;5494200.00;189261300.00;7968
23/06/2025;1;3;Lunes;0.00;0.00;477400.00;3374600.00;56520800.00;0.00;0.00;169400.00;60542200.00;4718
23/06/2025;1;1;Lunes;5134400.00;1652400.00;6472600.00;33400300.00;86660000.00;1173200.00;2295200.00;2917900.00;139706000.00;6675
24/06/2025;1;3;Martes;0.00;0.00;3314200.00;5284500.00;74881800.00;68000.00;782000.00;1078000.00;85408500.00;6591
24/06/2025;1;1;Martes;49305600.00;13150800.00;34628300.00;31474300.00;51843300.00;8930400.00;31131600.00;21029300.00;241493600.00;7716
25/06/2025;1;3;Miercoles;0.00;0.00;3067800.00;4957600.00;78204800.00;102000.00;884000.00;1047200.00;88263400.00;6792
25/06/2025;1;1;Miercoles;57440800.00;12748400.00;40556900.00;38822600.00;65551100.00;7671200.00;37515600.00;22959200.00;283265800.00;9254
26/06/2025;1;1;Jueves;57947600.00;15100800.00;38711800.00;40524300.00;69610000.00;9892000.00;32193200.00;23215600.00;287195300.00;9373
26/06/2025;1;3;Jueves;0.00;0.00;2917000.00;5207500.00;81014300.00;102000.00;884000.00;1232000.00;91356800.00;7032
27/06/2025;1;3;Viernes;0.00;0.00;2513400.00;5453900.00;96292500.00;102000.00;782000.00;1004200.00;106148000.00;8195
27/06/2025;1;1;Viernes;59358400.00;14642400.00;39965900.00;41512000.00;89791800.00;9332000.00;30018800.00;23017000.00;307638300.00;10626
28/06/2025;1;1;Sabado;33712000.00;11379600.00;20926700.00;40858800.00;96288600.00;3494000.00;13046400.00;11419400.00;231125500.00;9020
28/06/2025;1;3;Sabado;0.00;0.00;1817200.00;4748100.00;79879700.00;0.00;510000.00;585200.00;87540200.00;6786
29/06/2025;1;1;Domingo;20244800.00;8067600.00;6882600.00;43297600.00;95538800.00;2311600.00;7248000.00;5885900.00;189476900.00;7973
29/06/2025;1;3;Domingo;0.00;0.00;585200.00;3791300.00;67851200.00;0.00;0.00;92400.00;72320100.00;5623
30/06/2025;1;1;Lunes;7379600.00;1961600.00;7404000.00;37211200.00;86616100.00;1087600.00;2769200.00;3810400.00;148239700.00;6969
30/06/2025;1;3;Lunes;0.00;0.00;542200.00;3687400.00;57311500.00;0.00;0.00;154000.00;61695100.00;4800
1/07/2025;1;1;Martes;54654000.00;12456000.00;38304900.00;38580000.00;69525600.00;7324800.00;30544000.00;23395000.00;274784300.00;9196
1/07/2025;1;3;Martes;0.00;0.00;2682800.00;4754800.00;74331100.00;34000.00;578000.00;1801800.00;84182500.00;6504
2/07/2025;1;1;Miercoles;48952400.00;12860000.00;36768200.00;37145100.00;66598600.00;7950000.00;31329200.00;20905600.00;262509100.00;8779
2/07/2025;1;3;Miercoles;0.00;0.00;2867600.00;5048500.00;70029400.00;68000.00;578000.00;1309000.00;79900500.00;6154
3/07/2025;1;1;Jueves;60992400.00;12420800.00;37606700.00;36918100.00;69713400.00;9042000.00;34574400.00;23104100.00;284371900.00;9248
3/07/2025;1;3;Jueves;102200.00;0.00;3098600.00;4993400.00;74922500.00;102000.00;1802000.00;1577200.00;86597900.00;6635
4/07/2025;1;1;Viernes;55728000.00;13529600.00;35811600.00;37947000.00;73032300.00;8990400.00;36144800.00;19525200.00;280708900.00;9251
4/07/2025;1;3;Viernes;0.00;0.00;3175600.00;5262600.00;80598500.00;102000.00;646000.00;1432200.00;91216900.00;7048
5/07/2025;1;3;Sabado;0.00;0.00;1801800.00;4381500.00;88691500.00;0.00;748000.00;526800.00;96149600.00;7427
5/07/2025;1;1;Sabado;45907600.00;12651200.00;26806200.00;42285700.00;95493100.00;6816000.00;27119600.00;16003600.00;273083000.00;9859
6/07/2025;1;3;Domingo;0.00;0.00;354200.00;3703200.00;73561800.00;0.00;0.00;92400.00;77711600.00;6055
6/07/2025;1;1;Domingo;19617200.00;7465600.00;6272000.00;36997900.00;89997000.00;2174400.00;5547600.00;4339300.00;172411000.00;7329
7/07/2025;1;1;Lunes;46967200.00;13626800.00;36308400.00;39429200.00;66313000.00;8493600.00;27756400.00;20878500.00;259773100.00;8845
7/07/2025;1;3;Lunes;0.00;0.00;3012600.00;4961500.00;70018600.00;34000.00;578000.00;905400.00;79510100.00;6158
8/07/2025;1;3;Martes;0.00;0.00;3080000.00;4926800.00;74026200.00;170000.00;884000.00;1155000.00;84242000.00;6483
8/07/2025;1;1;Martes;51016400.00;14384400.00;35899500.00;37709200.00;60267900.00;9469600.00;31510400.00;21828300.00;262085700.00;8546
9/07/2025;1;1;Miercoles;53587200.00;15165600.00;34511600.00;38771900.00;67282500.00;8184400.00;28938800.00;20671500.00;267113500.00;8847
9/07/2025;1;3;Miercoles;0.00;0.00;2590400.00;4948500.00;72883200.00;238000.00;1598000.00;1031800.00;83289900.00;6389
10/07/2025;1;1;Jueves;55488400.00;13720000.00;37927500.00;39545400.00;67767500.00;9685200.00;26817600.00;21550500.00;272502100.00;9038
10/07/2025;1;3;Jueves;0.00;0.00;2682800.00;4796000.00;76444100.00;136000.00;952000.00;1124200.00;86135100.00;6636
11/07/2025;1;3;Viernes;0.00;0.00;2658400.00;5220500.00;83454800.00;34000.00;1054000.00;1185800.00;93607500.00;7224
11/07/2025;1;1;Viernes;58231200.00;14680000.00;37292800.00;40498000.00;77291500.00;7410800.00;29431200.00;19301600.00;284137100.00;9572
12/07/2025;1;1;Sabado;38451200.00;11754000.00;22065700.00;39214400.00;110096100.00;5587200.00;16489600.00;12736000.00;256394200.00;10038
12/07/2025;1;3;Sabado;0.00;0.00;1894200.00;5352400.00;94973700.00;102000.00;306000.00;924000.00;103552300.00;8027
13/07/2025;1;3;Domingo;51100.00;0.00;415800.00;3410600.00;76096300.00;0.00;34000.00;46200.00;80054000.00;6234
13/07/2025;1;1;Domingo;23831200.00;8502400.00;6093900.00;35958000.00;107252700.00;2114000.00;5738000.00;4593600.00;194083800.00;8357
14/07/2025;1;1;Lunes;54147200.00;12653200.00;36051400.00;38219300.00;64683600.00;9309600.00;23105600.00;19909600.00;258079500.00;8619
14/07/2025;1;3;Lunes;-17100.00;45600.00;2649500.00;5208900.00;70244600.00;136000.00;986000.00;1278200.00;80531700.00;6205
15/07/2025;1;3;Martes;0.00;-45600.00;2772000.00;4851300.00;72801700.00;102000.00;1666000.00;1324400.00;83471800.00;6396
15/07/2025;1;1;Martes;55832400.00;16669600.00;39060600.00;39004300.00;61511900.00;8460800.00;28112000.00;21882200.00;270533800.00;8744
16/07/2025;1;1;Miercoles;53708000.00;13255600.00;35968800.00;39829200.00;60883100.00;9309200.00;30341600.00;21680600.00;264976100.00;8629
16/07/2025;1;3;Miercoles;102200.00;0.00;2252300.00;4154900.00;75350700.00;0.00;578000.00;1062600.00;83500700.00;6477
17/07/2025;1;1;Jueves;58119600.00;14708000.00;37963800.00;39738000.00;65893500.00;9746400.00;30146800.00;21687900.00;278004000.00;9046
17/07/2025;1;3;Jueves;0.00;0.00;2867600.00;4921800.00;77681500.00;0.00;408000.00;1370600.00;87249500.00;6750
18/07/2025;1;1;Viernes;58205600.00;16218800.00;35649700.00;39327800.00;69529400.00;9081600.00;32632400.00;21186100.00;281831400.00;9155
18/07/2025;1;3;Viernes;0.00;0.00;2682800.00;5066700.00;80407100.00;68000.00;612000.00;1247400.00;90084000.00;6957
19/07/2025;1;1;Sabado;35157600.00;11850500.00;21485600.00;36643200.00;85316600.00;6876400.00;18905200.00;14320200.00;230555300.00;8541
19/07/2025;1;3;Sabado;0.00;0.00;1447600.00;4813600.00;88722500.00;0.00;170000.00;554400.00;95708100.00;7426
20/07/2025;1;1;Domingo;16693200.00;6098800.00;6535900.00;35931700.00;87441400.00;2684000.00;3926000.00;4279400.00;163590400.00;7123
20/07/2025;1;3;Domingo;0.00;0.00;403600.00;3781300.00;73526100.00;0.00;0.00;74500.00;77785500.00;6077
21/07/2025;1;1;Lunes;53096800.00;12398300.00;35623200.00;39253600.00;63330400.00;7390400.00;25867600.00;22480700.00;259441000.00;8688
21/07/2025;1;3;Lunes;91200.00;0.00;2310000.00;5099900.00;67590800.00;68000.00;578000.00;1170400.00;76908300.00;5935
22/07/2025;1;3;Martes;0.00;0.00;2682800.00;5303800.00;70938900.00;136000.00;1088000.00;1540000.00;81689500.00;6279
22/07/2025;1;1;Martes;56364800.00;13978000.00;38041000.00;38834700.00;61981000.00;9746400.00;27851600.00;21226600.00;268024100.00;8750
23/07/2025;1;1;Miercoles;55109600.00;13943200.00;37191100.00;38295600.00;61655200.00;11614000.00;28878400.00;20877400.00;267564500.00;8702
23/07/2025;1;3;Miercoles;0.00;0.00;2633400.00;5383400.00;73138600.00;0.00;816000.00;1555400.00;83526800.00;6427
24/07/2025;1;3;Jueves;0.00;0.00;3317400.00;5271900.00;79826200.00;68000.00;748000.00;1540000.00;90771500.00;6975
24/07/2025;1;1;Jueves;54816800.00;14257200.00;29717600.00;23308300.00;40576000.00;7701200.00;22675600.00;19184900.00;212237600.00;6367
25/07/2025;1;1;Viernes;60708800.00;17083200.00;39198800.00;39567700.00;72613800.00;9448000.00;32416400.00;23047900.00;294084600.00;9631
25/07/2025;1;3;Viernes;0.00;0.00;2494800.00;5482500.00;80410600.00;0.00;306000.00;1062600.00;89756500.00;6955
26/07/2025;1;1;Sabado;44385200.00;13427200.00;23679500.00;35433900.00;85063200.00;7640800.00;16617200.00;14696500.00;240943500.00;8746
26/07/2025;1;3;Sabado;0.00;0.00;1647800.00;4926200.00;91181600.00;68000.00;442000.00;739200.00;99004800.00;7681
27/07/2025;1;1;Domingo;18448000.00;6656800.00;5915800.00;33928600.00;93386700.00;2320800.00;3563600.00;4089300.00;168309600.00;7360
27/07/2025;1;3;Domingo;0.00;0.00;508200.00;3692600.00;79485900.00;0.00;34000.00;92400.00;83813100.00;6520
28/07/2025;1;3;Lunes;0.00;0.00;2913800.00;5403800.00;74237100.00;0.00;238000.00;1535000.00;84327700.00;6564
28/07/2025;1;1;Lunes;54405200.00;14357200.00;35153700.00;37037000.00;62697900.00;8774400.00;26114000.00;21375400.00;259914800.00;8508
29/07/2025;1;1;Martes;57208400.00;14824400.00;34968400.00;38117900.00;63598900.00;9483600.00;33050400.00;22766900.00;274018900.00;8841
29/07/2025;1;3;Martes;51100.00;0.00;2652000.00;5582100.00;77315000.00;34000.00;816000.00;1493800.00;87944000.00;6773
30/07/2025;1;3;Miercoles;51100.00;0.00;3064600.00;5333300.00;79816100.00;0.00;646000.00;1555400.00;90466500.00;7003
30/07/2025;1;1;Miercoles;59228400.00;15886400.00;35411000.00;37155900.00;64452800.00;8321600.00;29984000.00;20635000.00;271075100.00;8693
31/07/2025;1;3;Jueves;0.00;0.00;2766200.00;5238500.00;81384300.00;0.00;306000.00;1783900.00;91478900.00;7088
31/07/2025;1;1;Jueves;58480000.00;15217200.00;35356200.00;38976600.00;65175900.00;8094800.00;27092000.00;21278100.00;269670800.00;8815
1/08/2025;1;1;Viernes;53596400.00;13397200.00;36491500.00;38384800.00;74114600.00;8049600.00;27800400.00;21907200.00;273741700.00;9310
1/08/2025;1;3;Viernes;51100.00;0.00;2417800.00;5796400.00;85869700.00;136000.00;748000.00;1386000.00;96405000.00;7444
2/08/2025;1;3;Sabado;0.00;0.00;1832600.00;5222700.00;92538000.00;68000.00;612000.00;754600.00;101027900.00;7821
2/08/2025;1;1;Sabado;45640400.00;11654000.00;22766300.00;38810700.00;84976800.00;5443200.00;17093200.00;13729000.00;240113600.00;8670
3/08/2025;1;3;Domingo;0.00;0.00;523600.00;3664400.00;80592200.00;0.00;0.00;46200.00;84826400.00;6597
3/08/2025;1;1;Domingo;16598000.00;5478400.00;7126200.00;36688000.00;87241200.00;1208000.00;2718000.00;3630300.00;160688100.00;6999
4/08/2025;1;3;Lunes;0.00;0.00;2375400.00;5196000.00;76921900.00;0.00;408000.00;1214100.00;86115400.00;6716
4/08/2025;1;1;Lunes;55944000.00;10584800.00;33686700.00;39343900.00;62250300.00;7378400.00;22942800.00;21234200.00;253365100.00;8540
5/08/2025;1;1;Martes;52780400.00;14222400.00;38055500.00;38877200.00;63032300.00;9912800.00;27661200.00;23595300.00;268137100.00;8814
5/08/2025;1;3;Martes;0.00;0.00;2578200.00;5639800.00;80612700.00;68000.00;408000.00;1445100.00;90751800.00;7034
6/08/2025;1;1;Miercoles;56418000.00;12732000.00;38102400.00;40040600.00;73505900.00;8477600.00;32114400.00;24296000.00;285686900.00;9662
6/08/2025;1;3;Miercoles;102200.00;0.00;2639800.00;5139800.00;92822600.00;68000.00;272000.00;1262800.00;102307200.00;7930
7/08/2025;1;3;Jueves;0.00;0.00;985600.00;3323400.00;68636900.00;0.00;0.00;154000.00;73099900.00;5707
7/08/2025;1;1;Jueves;24854000.00;8841600.00;14439500.00;30773600.00;73382100.00;5190000.00;10112400.00;7794700.00;175387900.00;6801
8/08/2025;1;3;Viernes;102200.00;0.00;2913800.00;5133100.00;85291700.00;0.00;782000.00;1309000.00;95531800.00;7385
8/08/2025;1;1;Viernes;59642000.00;11948800.00;36177700.00;38898900.00;70044900.00;8960400.00;27765600.00;21659900.00;275098200.00;9116
9/08/2025;1;1;Sabado;42002800.00;11840000.00;20423500.00;34364500.00;80384400.00;5315200.00;18266400.00;13044900.00;225641700.00;8198
9/08/2025;1;3;Sabado;0.00;0.00;1894200.00;4468500.00;82447700.00;0.00;204000.00;554400.00;89568800.00;6966
10/08/2025;1;3;Domingo;0.00;0.00;323400.00;3325800.00;69720500.00;0.00;0.00;46200.00;73415900.00;5741
10/08/2025;1;1;Domingo;20038000.00;6175600.00;6522900.00;32671400.00;79809700.00;1570400.00;4616000.00;4406100.00;155810100.00;6571
11/08/2025;1;3;Lunes;51100.00;0.00;2673800.00;5310300.00;85408500.00;0.00;476000.00;1355200.00;95274900.00;7400
11/08/2025;1;1;Lunes;53364000.00;12420800.00;33514300.00;38919200.00;63033800.00;8584400.00;26274000.00;20548100.00;256658600.00;8478
12/08/2025;1;1;Martes;50482000.00;13306400.00;36027700.00;37206600.00;61082200.00;6156400.00;29078000.00;21443200.00;254782500.00;8411
12/08/2025;1;3;Martes;0.00;0.00;2559600.00;5304000.00;86614000.00;0.00;646000.00;1478400.00;96602000.00;7495
13/08/2025;1;3;Miercoles;0.00;0.00;2605800.00;5363000.00;90419800.00;34000.00;918000.00;1647800.00;100988400.00;7804
13/08/2025;1;1;Miercoles;55600000.00;13720000.00;36137900.00;38964400.00;63766000.00;7898800.00;30855200.00;21919900.00;268862200.00;8757
14/08/2025;1;1;Jueves;53096800.00;13759800.00;32789100.00;25683000.00;51829800.00;8028800.00;24926800.00;19370600.00;229484700.00;7215
14/08/2025;1;3;Jueves;34000.00;45600.00;3268000.00;5631300.00;94877900.00;34000.00;1122000.00;1706900.00;106719700.00;8224
15/08/2025;1;1;Viernes;56752800.00;16311400.00;34972400.00;33115100.00;70984100.00;6704800.00;29094400.00;24066300.00;272001300.00;9041
15/08/2025;1;3;Viernes;0.00;0.00;2834200.00;6041500.00;97293600.00;0.00;1054000.00;1278200.00;108501500.00;8416
16/08/2025;1;3;Sabado;0.00;0.00;1928200.00;5197100.00;97384500.00;68000.00;578000.00;616000.00;105771800.00;8197
16/08/2025;1;1;Sabado;29962800.00;10243200.00;17022300.00;38782800.00;93901300.00;5201600.00;12951200.00;10255700.00;218320900.00;8598
17/08/2025;1;1;Domingo;22102000.00;8274400.00;6221700.00;38144900.00;94198300.00;1768000.00;5013200.00;4717400.00;180439900.00;7624
17/08/2025;1;3;Domingo;0.00;0.00;462000.00;3672400.00;79799100.00;0.00;306000.00;77000.00;84316500.00;6553
18/08/2025;1;1;Lunes;6459200.00;2301200.00;7517800.00;36422200.00;89757200.00;593200.00;2743600.00;3723500.00;149517900.00;7061
18/08/2025;1;3;Lunes;0.00;0.00;523600.00;4063300.00;64075200.00;0.00;0.00;123200.00;68785300.00;5371
19/08/2025;1;3;Martes;0.00;0.00;2233000.00;5822400.00;85807300.00;0.00;442000.00;1355200.00;95659900.00;7414
19/08/2025;1;1;Martes;57380400.00;13538800.00;37730900.00;38786800.00;63157900.00;8405200.00;31675600.00;22674300.00;273349900.00;8919
20/08/2025;1;3;Miercoles;0.00;0.00;2655200.00;5206400.00;87574300.00;0.00;1156000.00;1771000.00;98362900.00;7618
20/08/2025;1;1;Miercoles;55669600.00;14031200.00;36389500.00;39080700.00;67420200.00;8491200.00;28783200.00;22923900.00;272789500.00;9053
21/08/2025;1;3;Jueves;0.00;0.00;2775200.00;5416800.00;89313900.00;0.00;1156000.00;1293600.00;99955500.00;7722
21/08/2025;1;1;Jueves;41900400.00;9373600.00;36203600.00;37680400.00;66088500.00;7766400.00;27291600.00;22845200.00;249149700.00;8663
22/08/2025;1;1;Viernes;53303600.00;10605600.00;37298800.00;38219300.00;71625900.00;7299600.00;28792400.00;20973400.00;268118600.00;9111
22/08/2025;1;3;Viernes;0.00;0.00;2806000.00;5743900.00;101867500.00;34000.00;1326000.00;1201200.00;112978600.00;8742
23/08/2025;1;1;Sabado;44101600.00;12369600.00;24589200.00;36845900.00;89898600.00;6760400.00;18050400.00;14156600.00;246772300.00;9094
23/08/2025;1;3;Sabado;0.00;0.00;1755600.00;5077800.00;108942600.00;34000.00;748000.00;693000.00;117251000.00;9090
24/08/2025;1;1;Domingo;25026000.00;8746400.00;7030600.00;32699700.00;82651100.00;1475200.00;4107200.00;4177100.00;165913300.00;6800
24/08/2025;1;3;Domingo;0.00;0.00;277200.00;3991900.00;81814000.00;0.00;0.00;30800.00;86113900.00;6721
25/08/2025;1;3;Lunes;0.00;0.00;2405600.00;5130700.00;78688800.00;0.00;544000.00;1509200.00;88278300.00;6849
25/08/2025;1;1;Lunes;54870000.00;13092400.00;34081600.00;39069200.00;64392500.00;6881600.00;30095600.00;20431800.00;262914700.00;8699
26/08/2025;1;1;Martes;58386800.00;14373200.00;34888800.00;39379900.00;65076800.00;8879200.00;30337200.00;22473100.00;273795000.00;8883
26/08/2025;1;3;Martes;0.00;0.00;2972200.00;5874700.00;87194900.00;0.00;646000.00;1321900.00;98009700.00;7557
27/08/2025;1;3;Miercoles;0.00;0.00;2655200.00;5443900.00;89794300.00;0.00;1360000.00;1617000.00;100870400.00;7783
27/08/2025;1;1;Miercoles;59349200.00;17051200.00;37587000.00;41393700.00;67330900.00;8433200.00;29742400.00;23867800.00;284755400.00;9220
28/08/2025;1;3;Jueves;0.00;0.00;2969600.00;5300100.00;85167600.00;68000.00;1666000.00;1678600.00;96849900.00;7447
28/08/2025;1;1;Jueves;56743600.00;15714400.00;37026400.00;39536600.00;65532700.00;10247200.00;29224400.00;23083500.00;277108800.00;9019
29/08/2025;1;3;Viernes;102200.00;102200.00;2482600.00;5949300.00;95415900.00;83400.00;1326000.00;1478400.00;106940000.00;8283
29/08/2025;1;1;Viernes;58842400.00;14863600.00;34056400.00;38561100.00;73671200.00;9827200.00;29694000.00;21652300.00;281168200.00;9343
30/08/2025;1;1;Sabado;42346800.00;10708000.00;21573700.00;35939200.00;83133600.00;6946000.00;13620000.00;13290200.00;227557500.00;8353
30/08/2025;1;3;Sabado;0.00;0.00;1540000.00;4753100.00;97932600.00;0.00;612000.00;847000.00;105684700.00;8203
31/08/2025;1;3;Domingo;0.00;0.00;292600.00;3528400.00;78574800.00;0.00;0.00;77000.00;82472800.00;6433
31/08/2025;1;1;Domingo;19298800.00;7521600.00;6994300.00;34619000.00;88310100.00;2114000.00;3563600.00;3718400.00;166139800.00;7117
1/09/2025;1;3;Lunes;0.00;0.00;2421000.00;5506600.00;81631200.00;0.00;714000.00;1108800.00;91381600.00;7108
1/09/2025;1;1;Lunes;45726400.00;10236000.00;33097300.00;38075400.00;61273200.00;7938400.00;24297200.00;19370400.00;240014300.00;8129
2/09/2025;1;3;Martes;0.00;0.00;2541000.00;5807900.00;85865300.00;34000.00;1020000.00;1463000.00;96731200.00;7487
2/09/2025;1;1;Martes;50430800.00;13487600.00;36783700.00;38038900.00;61262900.00;10102500.00;27826000.00;22991100.00;260923500.00;8575
3/09/2025;1;3;Miercoles;0.00;0.00;2356200.00;5655400.00;86863400.00;136000.00;1360000.00;1645300.00;98016300.00;7564
3/09/2025;1;1;Miercoles;53545200.00;14013200.00;35990100.00;38016600.00;64634700.00;8292700.00;29914800.00;22317300.00;266724600.00;8811
4/09/2025;1;1;Jueves;55730000.00;13388000.00;36354500.00;37860500.00;62666200.00;9685600.00;29728800.00;21451700.00;266865300.00;8683
4/09/2025;1;3;Jueves;51100.00;0.00;3283400.00;5560600.00;88935500.00;0.00;1496000.00;1339800.00;100666400.00;7748
5/09/2025;1;3;Viernes;-17100.00;0.00;2895800.00;5630000.00;93430600.00;0.00;1428000.00;1185800.00;104553100.00;8083
5/09/2025;1;1;Viernes;57982400.00;12214000.00;35711900.00;39598800.00;73313900.00;9857600.00;27205600.00;21399300.00;277283500.00;9280
6/09/2025;1;1;Sabado;43946000.00;10974400.00;21754200.00;38471400.00;83746300.00;5900800.00;20717200.00;13498500.00;239008800.00;8592
6/09/2025;1;3;Sabado;0.00;0.00;1432200.00;4714900.00;90192800.00;0.00;442000.00;585200.00;97367100.00;7583
7/09/2025;1;3;Domingo;0.00;0.00;369600.00;3875000.00;76185400.00;0.00;0.00;46200.00;80476200.00;6305
7/09/2025;1;1;Domingo;22102000.00;7646000.00;5867300.00;34860300.00;86042400.00;1751600.00;2295200.00;3465600.00;164030400.00;6920
8/09/2025;1;3;Lunes;0.00;0.00;2605800.00;5554100.00;79343500.00;34000.00;544000.00;1401400.00;89482800.00;6939
8/09/2025;1;1;Lunes;49054800.00;13088800.00;34345700.00;38363900.00;61063300.00;7545600.00;24806000.00;20844300.00;249112400.00;8369
9/09/2025;1;3;Martes;0.00;0.00;3148000.00;5782500.00;84897100.00;0.00;952000.00;1801800.00;96581400.00;7435
9/09/2025;1;1;Martes;56083200.00;13663200.00;36674900.00;41085800.00;59479300.00;7752800.00;28802000.00;21736400.00;265277600.00;8588
10/09/2025;1;3;Miercoles;0.00;0.00;2513400.00;5529800.00;86052200.00;0.00;578000.00;1047200.00;95720600.00;7432
10/09/2025;1;1;Miercoles;54052000.00;13848000.00;35424200.00;39495500.00;61693800.00;9250800.00;31561200.00;22624800.00;267950300.00;8722
11/09/2025;1;1;Jueves;56374000.00;15500400.00;37012600.00;40913500.00;67855500.00;9991600.00;29108800.00;22050400.00;278806800.00;9121
11/09/2025;1;3;Jueves;102200.00;0.00;3357200.00;5986600.00;93751000.00;34000.00;714000.00;1047200.00;104992200.00;8114
12/09/2025;1;1;Viernes;60004400.00;14302900.00;36999600.00;40143300.00;71561300.00;9801600.00;26780400.00;21125100.00;280718600.00;9331
12/09/2025;1;3;Viernes;0.00;0.00;2935600.00;6174900.00;98532000.00;34000.00;782000.00;1293600.00;109752100.00;8513
13/09/2025;1;1;Sabado;40850000.00;13095400.00;22410700.00;36705400.00;89437400.00;6574400.00;22529600.00;13048400.00;244651300.00;8893
13/09/2025;1;3;Sabado;0.00;0.00;1669600.00;4645300.00;97758400.00;238000.00;272000.00;616000.00;105199300.00;8180
14/09/2025;1;3;Domingo;0.00;0.00;523600.00;3887600.00;76869600.00;0.00;0.00;77000.00;81357800.00;6368
14/09/2025;1;1;Domingo;20382000.00;5538800.00;6136800.00;33684800.00;86996700.00;2174400.00;3442800.00;3368500.00;161724800.00;6934
15/09/2025;1;3;Lunes;102200.00;0.00;2208600.00;5791400.00;80690600.00;0.00;306000.00;1124200.00;90223000.00;7018
15/09/2025;1;1;Lunes;52487600.00;10766500.00;33112900.00;38953000.00;62443300.00;9529600.00;24790900.00;20576100.00;252659900.00;8478
16/09/2025;1;1;Martes;61543200.00;15851600.00;35755400.00;38473300.00;60408700.00;9612800.00;28089900.00;23734700.00;273469600.00;8719
16/09/2025;1;3;Martes;0.00;0.00;2655200.00;5420700.00;84431900.00;0.00;238000.00;1185800.00;93931600.00;7321
17/09/2025;1;3;Miercoles;0.00;0.00;2602600.00;5496600.00;86454100.00;0.00;578000.00;1429700.00;96561000.00;7512
17/09/2025;1;1;Miercoles;53924000.00;14768400.00;36064600.00;40263500.00;63141300.00;8921600.00;28541600.00;22688400.00;268313400.00;8805
18/09/2025;1;1;Jueves;58489200.00;12600000.00;36642200.00;42222000.00;63381300.00;11584000.00;27092800.00;21604700.00;273616200.00;8903
18/09/2025;1;3;Jueves;0.00;0.00;3111500.00;6110900.00;86871700.00;0.00;680000.00;1570800.00;98344900.00;7599
19/09/2025;1;3;Viernes;0.00;0.00;2528800.00;5891400.00;94973400.00;0.00;374000.00;1047200.00;104814800.00;8143
19/09/2025;1;1;Viernes;55153600.00;16428000.00;34848000.00;41307300.00;71016900.00;10449600.00;25168400.00;20525600.00;274897400.00;9160
20/09/2025;1;3;Sabado;0.00;0.00;1799300.00;5058300.00;98705800.00;0.00;272000.00;847000.00;106682400.00;8287
20/09/2025;1;1;Sabado;40506000.00;10956800.00;23120300.00;36410100.00;87204200.00;6816000.00;15764400.00;14276200.00;235054000.00;8687
21/09/2025;1;1;Domingo;19780000.00;5306400.00;6400900.00;33648200.00;89728300.00;2502000.00;2899200.00;4073600.00;164338600.00;7097
21/09/2025;1;3;Domingo;0.00;0.00;462000.00;3651600.00;80779400.00;0.00;0.00;61600.00;84954600.00;6647
22/09/2025;1;1;Lunes;55462800.00;12347700.00;34299000.00;37969300.00;61990800.00;8602800.00;23080000.00;20609000.00;254361400.00;8442
22/09/2025;1;3;Lunes;0.00;0.00;2668100.00;5823500.00;80425800.00;68000.00;272000.00;1278200.00;90535600.00;7030
23/09/2025;1;1;Martes;52901200.00;15395300.00;35273200.00;36277000.00;59641700.00;8763200.00;29068800.00;23321500.00;260641900.00;8468
23/09/2025;1;3;Martes;0.00;0.00;2620500.00;5628700.00;82042000.00;102000.00;782000.00;1278200.00;92453400.00;7143
24/09/2025;1;3;Miercoles;0.00;0.00;2686000.00;5648000.00;84794300.00;0.00;476000.00;1339800.00;94944100.00;7367
24/09/2025;1;1;Miercoles;54275200.00;14593100.00;36890800.00;38176700.00;62326700.00;10775200.00;26748000.00;22396100.00;266181800.00;8668
25/09/2025;1;1;Jueves;49656800.00;14510400.00;36652600.00;37459900.00;61718100.00;9067600.00;23512000.00;21429800.00;254007200.00;8473
25/09/2025;1;3;Jueves;0.00;0.00;2581400.00;5317200.00;79137400.00;0.00;816000.00;1309000.00;89161000.00;6910
26/09/2025;1;1;Viernes;55695200.00;15891200.00;38202000.00;41896400.00;73508700.00;12519600.00;25997600.00;21108400.00;284819100.00;9508
26/09/2025;1;3;Viernes;0.00;0.00;2575000.00;6558400.00;107011800.00;34000.00;578000.00;1324400.00;118081600.00;9180
27/09/2025;1;3;Sabado;0.00;0.00;1493800.00;4262400.00;96690900.00;0.00;238000.00;693000.00;103378100.00;8046
27/09/2025;1;1;Sabado;42897600.00;11385700.00;21057300.00;35864200.00;90909200.00;7420000.00;15354700.00;13097400.00;237986100.00;8802
28/09/2025;1;1;Domingo;20821200.00;7242400.00;6980100.00;32930100.00;85412300.00;1716800.00;2804000.00;4529200.00;162436100.00;6914
28/09/2025;1;3;Domingo;0.00;0.00;385000.00;3805800.00;76179700.00;0.00;0.00;46200.00;80416700.00;6291
29/09/2025;1;3;Lunes;0.00;0.00;2408800.00;5166900.00;79747200.00;0.00;442000.00;1309000.00;89073900.00;6931
29/09/2025;1;1;Lunes;52985200.00;12196700.00;35805200.00;36928900.00;64525600.00;11595600.00;28139800.00;20686000.00;262863000.00;8805
30/09/2025;1;3;Martes;0.00;45600.00;2698200.00;5912000.00;84197400.00;34000.00;1428000.00;1262800.00;95578000.00;7349
30/09/2025;1;1;Martes;53201200.00;12994100.00;36409700.00;39158300.00;64440700.00;10324800.00;26999500.00;21057500.00;264585800.00;8766
1/10/2025;1;1;Miercoles;55256000.00;12851900.00;36353000.00;38082800.00;63778900.00;8779200.00;24910400.00;21406900.00;261419100.00;8641
1/10/2025;1;3;Miercoles;0.00;-45600.00;2679600.00;6099400.00;91333300.00;0.00;476000.00;1447600.00;101990300.00;7920
2/10/2025;1;3;Jueves;0.00;0.00;2784800.00;5654100.00;85455300.00;0.00;816000.00;1093400.00;95803600.00;7424
2/10/2025;1;1;Jueves;51344000.00;14922000.00;34472700.00;39538000.00;65272600.00;10308400.00;24184500.00;21394400.00;261436600.00;8677
3/10/2025;1;3;Viernes;0.00;0.00;2405600.00;5958200.00;95985600.00;34000.00;476000.00;939400.00;105798800.00;8211
3/10/2025;1;1;Viernes;51997200.00;15723600.00;37162600.00;41655900.00;71888700.00;10626800.00;25283100.00;20627100.00;274965000.00;9276
4/10/2025;1;3;Sabado;0.00;0.00;1647800.00;5131600.00;96401800.00;0.00;34000.00;646800.00;103862000.00;8079
4/10/2025;1;1;Sabado;28380000.00;9348400.00;18747500.00;41102800.00;89435000.00;5478000.00;11838400.00;10597800.00;214927900.00;8424
5/10/2025;1;3;Domingo;0.00;0.00;415800.00;3388700.00;78421800.00;0.00;0.00;61600.00;82287900.00;6433
5/10/2025;1;1;Domingo;20382000.00;6596400.00;6424900.00;36608000.00;87665900.00;1570400.00;5617200.00;3982400.00;168847200.00;7142
6/10/2025;1;3;Lunes;0.00;0.00;2494800.00;4976900.00;67997400.00;0.00;374000.00;970200.00;76813300.00;5986
6/10/2025;1;1;Lunes;51941600.00;12674400.00;34049700.00;37259300.00;64804600.00;10192000.00;24789600.00;21415400.00;257126600.00;8656
7/10/2025;1;3;Martes;0.00;0.00;2532000.00;4766300.00;70935400.00;0.00;544000.00;1155000.00;79932700.00;6192
7/10/2025;1;1;Martes;50156400.00;14283200.00;36625500.00;38672600.00;67185500.00;10958400.00;25152000.00;21490500.00;264524100.00;8882
8/10/2025;1;1;Miercoles;52762000.00;13306400.00;35501600.00;38169900.00;66666400.00;9180100.00;27381300.00;20730300.00;263698000.00;8764
8/10/2025;1;3;Miercoles;0.00;0.00;2374800.00;4979300.00;71000800.00;15400.00;544000.00;1432200.00;80346500.00;6227
9/10/2025;1;3;Jueves;0.00;45600.00;2605800.00;4944600.00;70437100.00;0.00;1088000.00;1232000.00;80353100.00;6181
9/10/2025;1;1;Jueves;55660400.00;14399200.00;36107300.00;40550000.00;71713400.00;10475900.00;24453900.00;21764000.00;275124100.00;9214
10/10/2025;1;1;Viernes;54242400.00;14290500.00;38125600.00;41978800.00;81183000.00;8672400.00;31373200.00;21243100.00;291109000.00;10028
10/10/2025;1;3;Viernes;0.00;-45600.00;2590400.00;5321800.00;77757400.00;0.00;1122000.00;785400.00;87531400.00;6762
11/10/2025;1;1;Sabado;28268400.00;8610300.00;18011100.00;40515000.00;97992200.00;4339600.00;11838400.00;10457500.00;220032500.00;8855
11/10/2025;1;3;Sabado;0.00;0.00;1728000.00;4771300.00;77521200.00;0.00;102000.00;446600.00;84569100.00;6572
12/10/2025;1;1;Domingo;17974000.00;3965200.00;5769300.00;37499700.00;87916200.00;1958400.00;4469600.00;3708800.00;163261200.00;7071
12/10/2025;1;3;Domingo;0.00;0.00;261800.00;2183500.00;51524700.00;0.00;34000.00;107800.00;54111800.00;4219
13/10/2025;1;1;Lunes;7637600.00;1557200.00;7158600.00;36716100.00;90790100.00;1204000.00;2114000.00;3214700.00;150392300.00;7130
14/10/2025;1;1;Martes;58902800.00;12867200.00;37315800.00;38183500.00;66468600.00;9599200.00;27542400.00;21027300.00;271906800.00;8954
14/10/2025;1;3;Martes;0.00;0.00;3434200.00;10164900.00;165872200.00;0.00;986000.00;1550400.00;182007700.00;14177
15/10/2025;1;1;Miercoles;54595600.00;11795200.00;37575700.00;39206300.00;64361700.00;8703200.00;26169600.00;23583800.00;265991100.00;8949
15/10/2025;1;3;Miercoles;0.00;0.00;2436400.00;5273200.00;82534800.00;0.00;1496000.00;1463000.00;93203400.00;7175
16/10/2025;1;1;Jueves;55772000.00;11516800.00;38121600.00;39402200.00;63886100.00;9685600.00;29387200.00;20736300.00;268507800.00;8798
16/10/2025;1;3;Jueves;0.00;0.00;2741200.00;6230200.00;89164100.00;136000.00;816000.00;1278200.00;100365700.00;7767
17/10/2025;1;3;Viernes;0.00;0.00;2858600.00;5899200.00;96984200.00;272000.00;748000.00;1062600.00;107824600.00;8334
17/10/2025;1;1;Viernes;56106800.00;13943200.00;40194300.00;40283100.00;70975000.00;9518400.00;28076800.00;22425700.00;281523300.00;9400
18/10/2025;1;3;Sabado;0.00;0.00;1601600.00;5177800.00;93675900.00;0.00;238000.00;893200.00;101586500.00;7879
18/10/2025;1;1;Sabado;41624000.00;10896400.00;23303400.00;36961300.00;80568200.00;6876400.00;21562800.00;14367400.00;236159900.00;8456
19/10/2025;1;1;Domingo;23022400.00;7293600.00;6590500.00;33431300.00;80643500.00;2778400.00;3382400.00;4680500.00;161822600.00;6701
19/10/2025;1;3;Domingo;51100.00;0.00;338800.00;3804300.00;73139000.00;0.00;34000.00;107800.00;77475000.00;6029
20/10/2025;1;1;Lunes;49633200.00;13636000.00;33277400.00;37899700.00;58653400.00;7969200.00;23795600.00;20265700.00;245130200.00;8253
20/10/2025;1;3;Lunes;-51100.00;0.00;2578200.00;5660800.00;78855700.00;0.00;306000.00;1139600.00;88489200.00;6939
21/10/2025;1;3;Martes;0.00;0.00;2556400.00;5472100.00;82452300.00;272000.00;1258000.00;1616400.00;93627200.00;7195
21/10/2025;1;1;Martes;57396800.00;13004400.00;35476000.00;38625300.00;60407500.00;9685600.00;29984000.00;18815700.00;263395300.00;8437
22/10/2025;1;1;Miercoles;55376800.00;14636000.00;39014100.00;39664300.00;60483800.00;9996400.00;29224400.00;21031900.00;269427700.00;8722
22/10/2025;1;3;Miercoles;0.00;0.00;2489000.00;5312000.00;82737400.00;170000.00;714000.00;1278800.00;92701200.00;7201
23/10/2025;1;3;Jueves;0.00;0.00;3003000.00;5689000.00;85144600.00;0.00;748000.00;1216600.00;95801200.00;7420
23/10/2025;1;1;Jueves;53192000.00;15194000.00;36849100.00;39218400.00;59141900.00;9695200.00;25177600.00;21233200.00;259701400.00;8471
24/10/2025;1;3;Viernes;0.00;0.00;2695000.00;5690100.00;89625300.00;34000.00;748000.00;1386000.00;100178400.00;7775
24/10/2025;1;1;Viernes;51816000.00;14157200.00;36547400.00;36450500.00;66519000.00;9619300.00;27921200.00;20521600.00;263552200.00;8757
25/10/2025;1;3;Sabado;0.00;0.00;1925000.00;4890600.00;95179400.00;0.00;408000.00;785400.00;103188400.00;8008
25/10/2025;1;1;Sabado;42828000.00;11335600.00;21718800.00;36811300.00;76762300.00;7368800.00;15281200.00;13254400.00;225360400.00;8039
26/10/2025;1;1;Domingo;19075600.00;6777600.00;6412100.00;34002900.00;76050300.00;3261600.00;3986400.00;4365400.00;153931900.00;6411
26/10/2025;1;3;Domingo;0.00;0.00;277200.00;3586300.00;72207700.00;0.00;0.00;138600.00;76209800.00;5943
27/10/2025;1;3;Lunes;0.00;0.00;2607200.00;4874500.00;74897800.00;-34000.00;374000.00;1124200.00;83843700.00;6566
27/10/2025;1;1;Lunes;52650400.00;13152000.00;35447300.00;37887600.00;60440800.00;9721900.00;20620000.00;19598700.00;249518700.00;8330
28/10/2025;1;1;Martes;54749200.00;14454800.00;37584800.00;39029300.00;60969200.00;10791200.00;24332000.00;21726300.00;263636800.00;8636
28/10/2025;1;3;Martes;0.00;0.00;2818100.00;5428500.00;84968200.00;0.00;374000.00;1401400.00;94990200.00;7375
29/10/2025;1;3;Miercoles;0.00;0.00;2605800.00;5674900.00;86268700.00;0.00;544000.00;1416800.00;96510200.00;7501
29/10/2025;1;1;Miercoles;55762800.00;13924800.00;37363700.00;38723900.00;63158600.00;9564400.00;28810800.00;22913600.00;270222600.00;8776
30/10/2025;1;3;Jueves;0.00;0.00;3086400.00;6063200.00;91549600.00;0.00;612000.00;1309000.00;102620200.00;7951
30/10/2025;1;1;Jueves;58266000.00;14666000.00;36561700.00;38707000.00;64390600.00;10164400.00;27482000.00;23478400.00;273716100.00;8910
31/10/2025;1;3;Viernes;0.00;0.00;2356200.00;5703100.00;89788700.00;68000.00;442000.00;1262800.00;99620800.00;7755
31/10/2025;1;1;Viernes;56752800.00;15688800.00;36892100.00;40488500.00;69208000.00;11002400.00;25177600.00;20420500.00;275630700.00;9103
1/11/2025;1;3;Sabado;0.00;0.00;1832600.00;4821300.00;92625700.00;0.00;204000.00;662200.00;100145800.00;7789
1/11/2025;1;1;Sabado;28096400.00;9332000.00;17341000.00;39308500.00;90906900.00;5078400.00;10430800.00;10887600.00;211381600.00;8455
2/11/2025;1;3;Domingo;0.00;0.00;400400.00;3310400.00;84607500.00;0.00;0.00;46200.00;88364500.00;6918
2/11/2025;1;1;Domingo;17174400.00;5908400.00;5929000.00;36977600.00;88123500.00;2976000.00;4107200.00;5107200.00;166303300.00;7143
3/11/2025;1;1;Lunes;6914800.00;2580000.00;7710600.00;32994300.00;83177100.00;1716800.00;2536800.00;3240000.00;140870400.00;6539
3/11/2025;1;3;Lunes;0.00;0.00;662200.00;3261600.00;65530700.00;0.00;0.00;200200.00;69654700.00;5435
4/11/2025;1;3;Martes;0.00;0.00;2908000.00;5549100.00;84404700.00;68000.00;884000.00;1278200.00;95092000.00;7347
4/11/2025;1;1;Martes;58782000.00;15182000.00;37508600.00;40541200.00;64343500.00;12701200.00;28672800.00;23187800.00;280919100.00;9059
5/11/2025;1;1;Miercoles;58156400.00;14434400.00;38684500.00;37412600.00;62686300.00;10504100.00;29858800.00;24875600.00;276612700.00;8972
5/11/2025;1;3;Miercoles;0.00;0.00;2636600.00;5193600.00;87244100.00;68000.00;748000.00;1062600.00;96952900.00;7534
6/11/2025;1;3;Jueves;0.00;0.00;2870800.00;5299000.00;90952100.00;0.00;272000.00;1269200.00;100663100.00;7828
6/11/2025;1;1;Jueves;52357600.00;14868800.00;37103500.00;38204400.00;60660800.00;9885200.00;29138400.00;20933800.00;263152500.00;8598
7/11/2025;1;3;Viernes;255500.00;0.00;3298800.00;5951700.00;99455500.00;170000.00;2074000.00;1724800.00;112930300.00;8669
7/11/2025;1;1;Viernes;60106800.00;12755600.00;32465500.00;32010000.00;57891500.00;9117500.00;22334400.00;19470000.00;246151300.00;7911
8/11/2025;1;3;Sabado;0.00;0.00;1878800.00;4659800.00;97299200.00;0.00;306000.00;492800.00;104636600.00;8147
8/11/2025;1;1;Sabado;38184000.00;13246000.00;24277600.00;35889200.00;74139400.00;6755600.00;17818000.00;15595200.00;225905000.00;8054
9/11/2025;1;1;Domingo;21500000.00;6201200.00;6133700.00;31234400.00;78235000.00;1742400.00;3951600.00;4924000.00;153922300.00;6428
9/11/2025;1;3;Domingo;0.00;0.00;338800.00;3434900.00;75931100.00;0.00;0.00;77000.00;79781800.00;6255
10/11/2025;1;1;Lunes;58696000.00;13798000.00;34932900.00;36820800.00;62342500.00;8572800.00;21920400.00;22131300.00;259214700.00;8552
10/11/2025;1;3;Lunes;0.00;0.00;2470400.00;5587500.00;85441700.00;34000.00;442000.00;1232000.00;95207600.00;7389
11/11/2025;1;3;Martes;0.00;0.00;3268000.00;5479900.00;89034500.00;34000.00;1530000.00;1463000.00;100809400.00;7763
11/11/2025;1;1;Martes;59323600.00;15766400.00;36181800.00;38404400.00;63744500.00;7459600.00;29677600.00;20989300.00;271547200.00;8785
12/11/2025;1;3;Miercoles;0.00;0.00;2991500.00;5402900.00;88303400.00;0.00;714000.00;1632400.00;99044200.00;7693
12/11/2025;1;1;Miercoles;65283200.00;15186800.00;38588100.00;38713100.00;65538500.00;8265600.00;28715600.00;23130000.00;283420900.00;9105
13/11/2025;1;1;Jueves;66050000.00;15010400.00;38342300.00;38508400.00;65659900.00;9004400.00;29491600.00;23307600.00;285374600.00;9145
13/11/2025;1;3;Jueves;0.00;0.00;2646300.00;5615900.00;92232800.00;170000.00;816000.00;1244900.00;102725900.00;7950
14/11/2025;1;3;Viernes;0.00;0.00;2861100.00;5692900.00;94542200.00;0.00;850000.00;1614500.00;105560700.00;8219
14/11/2025;1;1;Viernes;63442400.00;16530400.00;37660100.00;40304700.00;73322600.00;9499200.00;26298500.00;22134800.00;289192700.00;9483
15/11/2025;1;1;Sabado;28398400.00;7948800.00;19140800.00;37820700.00;90500500.00;5708400.00;11874300.00;10794900.00;212186800.00;8463
15/11/2025;1;3;Sabado;0.00;91200.00;1974400.00;4415800.00;92581400.00;68000.00;170000.00;492800.00;99793600.00;7765
16/11/2025;1;3;Domingo;0.00;0.00;800800.00;3079600.00;77994600.00;0.00;68000.00;123200.00;82066200.00;6428
16/11/2025;1;1;Domingo;19084800.00;6830800.00;5880000.00;35964800.00;85720900.00;2718000.00;5124800.00;5171200.00;166495300.00;7069
17/11/2025;1;3;Lunes;0.00;0.00;967700.00;3231000.00;66186000.00;34000.00;68000.00;200200.00;70686900.00;5499
17/11/2025;1;1;Lunes;5590000.00;2270800.00;3741600.00;23726600.00;70356000.00;1208000.00;3442800.00;3100800.00;113436600.00;5284
18/11/2025;1;1;Martes;61534000.00;12862800.00;37022000.00;38089500.00;64757800.00;9211200.00;30260400.00;23416400.00;277154100.00;8960
18/11/2025;1;3;Martes;172000.00;0.00;2883000.00;5105500.00;89316500.00;68000.00;358800.00;1370200.00;99274000.00;7701
19/11/2025;1;1;Miercoles;57475600.00;14252400.00;35731800.00;36929600.00;60746700.00;8654400.00;32037600.00;24160400.00;269988500.00;8716
19/11/2025;1;3;Miercoles;0.00;0.00;2636600.00;5499400.00;88772800.00;0.00;476000.00;1124200.00;98509000.00;7670
20/11/2025;1;3;Jueves;-172000.00;0.00;3363600.00;5803500.00;93813500.00;136000.00;355200.00;1355600.00;104655400.00;8157
20/11/2025;1;1;Jueves;54182000.00;14726400.00;39060800.00;41223500.00;66416000.00;10329200.00;24341200.00;23610400.00;273889500.00;9123
21/11/2025;1;3;Viernes;0.00;0.00;2956800.00;5657100.00;98712400.00;0.00;646000.00;1663200.00;109635500.00;8505
21/11/2025;1;1;Viernes;62273200.00;15677200.00;37653800.00;40509400.00;70629100.00;11251200.00;25574800.00;21814000.00;285382700.00;9364
22/11/2025;1;3;Sabado;0.00;0.00;1601600.00;4590600.00;103646300.00;0.00;34000.00;723800.00;110596300.00;8629
22/11/2025;1;1;Sabado;45133600.00;13968800.00;23913900.00;36999800.00;81129300.00;7329600.00;15211600.00;15045000.00;238731600.00;8556
23/11/2025;1;3;Domingo;51100.00;0.00;508200.00;3760900.00;71801300.00;0.00;0.00;77000.00;76198500.00;5949
23/11/2025;1;1;Domingo;21878800.00;6519600.00;7059500.00;32651000.00;79160800.00;2230400.00;4167600.00;4625200.00;158292900.00;6604
24/11/2025;1;3;Lunes;0.00;0.00;2510200.00;5249100.00;85689700.00;0.00;238000.00;1262800.00;94949800.00;7429
24/11/2025;1;1;Lunes;56374000.00;14464000.00;34563800.00;39760200.00;62697000.00;9428000.00;22736000.00;22426000.00;262449000.00;8630
25/11/2025;1;1;Martes;58342800.00;13292800.00;37003900.00;38767800.00;66895500.00;11179600.00;29387200.00;24711400.00;279581000.00;9117
25/11/2025;1;3;Martes;-51100.00;0.00;3052400.00;5295300.00;85725600.00;68000.00;748000.00;1170400.00;96008600.00;7424
26/11/2025;1;3;Miercoles;51100.00;0.00;3033800.00;5342700.00;91764600.00;0.00;714000.00;1324400.00;102230600.00;7945
26/11/2025;1;1;Miercoles;55806800.00;14364000.00;39477400.00;39140700.00;66507500.00;11652800.00;29594000.00;22212700.00;278755900.00;9108
27/11/2025;1;1;Jueves;55762800.00;14259600.00;37882800.00;38629300.00;67232900.00;10530800.00;29198800.00;22808900.00;276305900.00;9047
27/11/2025;1;3;Jueves;51100.00;0.00;3187800.00;5519600.00;94043800.00;272000.00;918000.00;1185800.00;105178100.00;8125
28/11/2025;1;1;Viernes;61894400.00;15319200.00;37335900.00;40621500.00;73429900.00;9970800.00;27170800.00;22368300.00;288110800.00;9524
28/11/2025;1;3;Viernes;0.00;0.00;2732200.00;5563200.00;101727200.00;0.00;646000.00;877800.00;111546400.00;8671
29/11/2025;1;3;Sabado;0.00;0.00;2082200.00;4677400.00;103967300.00;204000.00;544000.00;616000.00;112090900.00;8712
29/11/2025;1;1;Sabado;44101600.00;10863600.00;22941300.00;37345000.00;85806300.00;6402800.00;20612800.00;14947200.00;243020600.00;8844
30/11/2025;1;3;Domingo;0.00;0.00;631400.00;2776300.00;70083100.00;0.00;68000.00;215600.00;73774400.00;5761
30/11/2025;1;1;Domingo;17381200.00;5926800.00;5915900.00;23158400.00;63434600.00;2174400.00;3563600.00;3848000.00;125402900.00;5231
1/12/2025;1;3;Lunes;153300.00;0.00;3517600.00;4859300.00;86337300.00;306000.00;986000.00;1694000.00;97853500.00;7555
1/12/2025;1;1;Lunes;54293600.00;13827600.00;29250000.00;29702200.00;54842600.00;9209200.00;24150800.00;18327300.00;233603300.00;7438
2/12/2025;1;1;Martes;56090400.00;13624800.00;37160900.00;35727700.00;64721300.00;10860400.00;32415200.00;22388100.00;272988800.00;8866
2/12/2025;1;3;Martes;0.00;0.00;2831100.00;5193800.00;89985800.00;272000.00;578000.00;1309000.00;100169700.00;7807
3/12/2025;1;1;Miercoles;58902800.00;13754800.00;38719900.00;35018300.00;63340100.00;10832800.00;26936400.00;23142000.00;270647100.00;8820
3/12/2025;1;3;Miercoles;0.00;0.00;2451800.00;5182500.00;92283800.00;34000.00;646000.00;1139600.00;101737700.00;7902
4/12/2025;1;3;Jueves;58500.00;0.00;2886200.00;5580100.00;94284800.00;34000.00;442000.00;1278200.00;104563800.00;8138
4/12/2025;1;1;Jueves;55686000.00;16334800.00;39277500.00;37497000.00;69522400.00;11406400.00;22832900.00;23312000.00;275869000.00;9194
5/12/2025;1;3;Viernes;0.00;0.00;2646200.00;5660800.00;104254300.00;0.00;1020000.00;1370600.00;114951900.00;8913
5/12/2025;1;1;Viernes;58403200.00;13392400.00;37323400.00;39855400.00;81410300.00;9836400.00;26592400.00;23200000.00;290013500.00;9893
6/12/2025;1;3;Sabado;0.00;0.00;2166400.00;4570000.00;111452000.00;0.00;442000.00;338800.00;118969200.00;9268
6/12/2025;1;1;Sabado;31854800.00;10228800.00;19003200.00;40845300.00;94898600.00;4978400.00;9362000.00;11179200.00;222350300.00;8823
7/12/2025;1;3;Domingo;51100.00;0.00;600600.00;3023200.00;94758200.00;0.00;0.00;107800.00;98540900.00;7691
7/12/2025;1;1;Domingo;18878000.00;6512800.00;8120200.00;32002600.00;85350700.00;3266400.00;3744800.00;5852800.00;163728300.00;7037
8/12/2025;1;1;Lunes;5332000.00;2184800.00;4489400.00;15187900.00;43061900.00;1268400.00;2778400.00;2888000.00;77190800.00;3444
8/12/2025;1;3;Lunes;0.00;0.00;465200.00;1570500.00;35460500.00;0.00;0.00;61600.00;37557800.00;2939
9/12/2025;1;3;Martes;-51100.00;0.00;3069500.00;6032000.00;135115100.00;102000.00;306000.00;1262800.00;145836300.00;11478
9/12/2025;1;1;Martes;60132400.00;12158400.00;36161900.00;45179100.00;103094800.00;10591200.00;26541200.00;22864400.00;316723400.00;11279
10/12/2025;1;1;Miercoles;59177200.00;15249600.00;38706000.00;39035300.00;66045400.00;11915200.00;33703200.00;25934800.00;289766700.00;9309
10/12/2025;1;3;Miercoles;0.00;0.00;2801100.00;5187300.00;99740600.00;117400.00;1156000.00;1647800.00;110650200.00;8599
11/12/2025;1;1;Jueves;57552400.00;16107200.00;39839900.00;39048800.00;68953300.00;11738800.00;28750400.00;23144900.00;285135700.00;9318
11/12/2025;1;3;Jueves;0.00;0.00;3033800.00;5184800.00;103423700.00;68000.00;816000.00;1955800.00;114482100.00;8881
12/12/2025;1;3;Viernes;0.00;0.00;2852200.00;5410500.00;108848100.00;340000.00;714000.00;1185800.00;119350600.00;9295
12/12/2025;1;1;Viernes;58686800.00;15658800.00;40691600.00;38798800.00;77511300.00;11200000.00;30376800.00;24962300.00;297886400.00;9985
13/12/2025;1;1;Sabado;49803200.00;12660400.00;24649300.00;37050500.00;88670900.00;9148800.00;26325200.00;14439100.00;262747400.00;9242
13/12/2025;1;3;Sabado;0.00;0.00;1710100.00;5392300.00;112459100.00;0.00;102000.00;477400.00;120140900.00;9399
14/12/2025;1;1;Domingo;19496400.00;6744800.00;6558800.00;25081000.00;64144400.00;3340400.00;4163200.00;3961900.00;133490900.00;5433
14/12/2025;1;3;Domingo;0.00;0.00;569800.00;3922500.00;89179800.00;0.00;68000.00;184800.00;93924900.00;7351
15/12/2025;1;1;Lunes;52496800.00;15196000.00;35006900.00;38176700.00;62355700.00;10874800.00;25561200.00;21909800.00;261577900.00;8611
15/12/2025;1;3;Lunes;0.00;0.00;2898400.00;5220100.00;85333400.00;0.00;340000.00;1540000.00;95331900.00;7438
16/12/2025;1;1;Martes;59014400.00;13701600.00;39168800.00;37759200.00;65137300.00;12568000.00;26472800.00;21369500.00;275191600.00;8952
16/12/2025;1;3;Martes;45600.00;0.00;2744400.00;5010100.00;91559500.00;68000.00;510000.00;1355200.00;101292800.00;7855
17/12/2025;1;3;Miercoles;51100.00;0.00;2682800.00;4589500.00;82128500.00;102000.00;816000.00;1370600.00;91740500.00;7118
17/12/2025;1;1;Miercoles;61276000.00;15663200.00;39280300.00;38955000.00;70036300.00;10816400.00;28172000.00;23732700.00;287931900.00;9402
18/12/2025;1;3;Jueves;102200.00;0.00;3006200.00;5174100.00;97937200.00;102000.00;714000.00;1324400.00;108360100.00;8391
18/12/2025;1;1;Jueves;61345600.00;14907600.00;39267500.00;38638800.00;71916800.00;10480000.00;28274400.00;21986100.00;286816800.00;9482
19/12/2025;1;1;Viernes;61826800.00;16230800.00;37627000.00;40201400.00;78545000.00;11501600.00;25233600.00;23311200.00;294477400.00;9859
19/12/2025;1;3;Viernes;102200.00;0.00;3108200.00;5827200.00;106588500.00;102000.00;544000.00;847000.00;117119100.00;9073
20/12/2025;1;3;Sabado;51100.00;0.00;1524600.00;4801900.00;113779000.00;34000.00;136000.00;400400.00;120727000.00;9416
20/12/2025;1;1;Sabado;40722000.00;13792400.00;22866300.00;36941100.00;94445300.00;9383200.00;15665200.00;14676200.00;248491700.00;9287
21/12/2025;1;1;Domingo;21311600.00;6761200.00;8951500.00;31526300.00;90501900.00;3473200.00;3744800.00;6813600.00;173084100.00;7402
21/12/2025;1;3;Domingo;0.00;0.00;446600.00;3415800.00;90624600.00;0.00;0.00;123200.00;94610200.00;7408
22/12/2025;1;1;Lunes;49889200.00;12971600.00;33164600.00;36828300.00;73834100.00;9301600.00;20406000.00;21512500.00;257907900.00;8939
22/12/2025;1;3;Lunes;0.00;0.00;2643000.00;4403200.00;87182500.00;0.00;34000.00;600600.00;94863300.00;7396
23/12/2025;1;3;Martes;0.00;0.00;2756600.00;4595400.00;93214500.00;0.00;102000.00;816200.00;101484700.00;7902
23/12/2025;1;1;Martes;48806000.00;15684400.00;37162200.00;37728200.00;79542700.00;10060000.00;22952000.00;20298400.00;272233900.00;9460
24/12/2025;1;1;Miercoles;17492800.00;8801600.00;17553900.00;31940600.00;98626300.00;4901600.00;10233200.00;9663200.00;199213200.00;8484
24/12/2025;1;3;Miercoles;0.00;0.00;1478400.00;4062900.00;91975700.00;0.00;68000.00;369600.00;97954600.00;7652
25/12/2025;1;3;Jueves;0.00;0.00;138600.00;2747300.00;68529800.00;0.00;0.00;77000.00;71492700.00;5597
25/12/2025;1;1;Jueves;5246000.00;1978000.00;1818900.00;20970300.00;80905500.00;388000.00;1449600.00;1732800.00;114489100.00;5628
26/12/2025;1;1;Viernes;41977200.00;12739200.00;28245200.00;33801700.00;83491300.00;7955600.00;15281200.00;17162000.00;240653400.00;8836
26/12/2025;1;3;Viernes;0.00;0.00;1832600.00;4389100.00;85471500.00;34000.00;34000.00;616000.00;92377200.00;7201
27/12/2025;1;3;Sabado;0.00;0.00;1493800.00;4738800.00;94471000.00;0.00;34000.00;338800.00;101076400.00;7890
27/12/2025;1;1;Sabado;38658000.00;7733200.00;22180900.00;33542300.00;91999500.00;6958000.00;15643600.00;12650800.00;229366300.00;8759
28/12/2025;1;3;Domingo;0.00;0.00;554400.00;3660500.00;77607900.00;0.00;0.00;77000.00;81899800.00;6437
28/12/2025;1;1;Domingo;18920000.00;5452800.00;8869000.00;31871500.00;92827800.00;3710400.00;3581200.00;6140000.00;171372700.00;7471
29/12/2025;1;3;Lunes;0.00;0.00;2166300.00;4277400.00;79392600.00;0.00;102000.00;767500.00;86705800.00;6754
29/12/2025;1;1;Lunes;40282800.00;11363200.00;28554800.00;36310800.00;76014000.00;6337600.00;18724000.00;18018400.00;235605600.00;8501
30/12/2025;1;3;Martes;0.00;0.00;2186800.00;4278500.00;73638800.00;0.00;34000.00;723800.00;80861900.00;6291
30/12/2025;1;1;Martes;35097200.00;9299200.00;27631000.00;36039200.00;85629500.00;8930000.00;19992400.00;18573200.00;241191700.00;9013
31/12/2025;1;1;Miercoles;11524000.00;4111600.00;12345000.00;31821700.00;96142200.00;1993200.00;6764800.00;6206400.00;170908900.00;7725
31/12/2025;1;3;Miercoles;0.00;0.00;842000.00;3797600.00;68341600.00;0.00;34000.00;277200.00;73292400.00;5734
